fov_key,dataset,filename,image_path,density_label,overlap_label,density_ord,overlap_ord,coverage,otsu_threshold,otsu_separability,saturation_score,lbp_entropy,glcm_contrast,edge_density_unmasked,tile_glcm_cv,tile_glcm_patchiness
initial-071626/dpc-235-KIT-62501048.png,initial-071626,dpc-235-KIT-62501048.png,C:\Users\owlem\Projects\fov-filtering-tool\crowding-crenation\data\raw\initial-dataset-071626\dpc-235-KIT-62501048.png,monolayer,no rouleaux,1,0,0.14693890306122448,170.0,0.5543655558552684,0.06548103638892537,3.6463058344072823,53.65567745411932,0.12847831632653062,0.09923159533494155,0.2101324563887927
initial-071626/dpc-105-KIT-62500652.png,initial-071626,dpc-105-KIT-62500652.png,C:\Users\owlem\Projects\fov-filtering-tool\crowding-crenation\data\raw\initial-dataset-071626\dpc-105-KIT-62500652.png,slightly dense,some rouleaux,2,2,0.24996428571428572,169.0,0.5473122404273634,0.11315577247317442,4.048526312097542,76.1772077368406,0.1515015306122449,0.14703773476893922,0.23077144357047621
initial-071626/dpc-051-LB-D3-2025-08-30-125645-25021889-D-thin-1.png,initial-071626,dpc-051-LB-D3-2025-08-30-125645-25021889-D-thin-1.png,C:\Users\owlem\Projects\fov-filtering-tool\crowding-crenation\data\raw\initial-dataset-071626\dpc-051-LB-D3-2025-08-30-125645-25021889-D-thin-1.png,monolayer,slight rouleaux,1,1,0.7877729591836735,127.0,0.4430121423467099,0.43877997285290704,3.554630127264154,53.58834087456955,0.10057602040816327,0.2073896373270119,0.5327604415580409
initial-071626/dpc-035-LB-D3-2025-10-03-122127-250912792D-thin-3-4.png,initial-071626,dpc-035-LB-D3-2025-10-03-122127-250912792D-thin-3-4.png,C:\Users\owlem\Projects\fov-filtering-tool\crowding-crenation\data\raw\initial-dataset-071626\dpc-035-LB-D3-2025-10-03-122127-250912792D-thin-3-4.png,dense,some rouleaux,3,2,0.39095880102040814,136.0,0.5438832781382075,0.1783228467044454,4.0739930982349675,83.12990284680859,0.15678048469387756,0.2941433225008386,0.8794498693971335
initial-071626/dpc-015-LB-D3-2025-10-03-122127-250912792D-thin-3-4.png,initial-071626,dpc-015-LB-D3-2025-10-03-122127-250912792D-thin-3-4.png,C:\Users\owlem\Projects\fov-filtering-tool\crowding-crenation\data\raw\initial-dataset-071626\dpc-015-LB-D3-2025-10-03-122127-250912792D-thin-3-4.png,slightly dense,slight rouleaux,2,1,0.5273408163265306,132.0,0.5359467476164107,0.24471422093094353,3.940951146880255,123.82568642230419,0.1811405612244898,0.322767991846169,0.24223154211164116
initial-071626/dpc-174-LB-D3-2025-08-30-125645-25021889-D-thin-1.png,initial-071626,dpc-174-LB-D3-2025-08-30-125645-25021889-D-thin-1.png,C:\Users\owlem\Projects\fov-filtering-tool\crowding-crenation\data\raw\initial-dataset-071626\dpc-174-LB-D3-2025-08-30-125645-25021889-D-thin-1.png,dense,rouleaux,3,3,0.4961297193877551,133.0,0.5579797753825447,0.21929937000317054,3.950453280115463,92.44842147081447,0.1816327806122449,0.12753287630621998,0.19838134640158692
initial-071626/dpc-145-LB-D12-2026-03-04-114809-250817119ELWA-Negative-2.png,initial-071626,dpc-145-LB-D12-2026-03-04-114809-250817119ELWA-Negative-2.png,C:\Users\owlem\Projects\fov-filtering-tool\crowding-crenation\data\raw\initial-dataset-071626\dpc-145-LB-D12-2026-03-04-114809-250817119ELWA-Negative-2.png,dense,rouleaux,3,3,0.5248395408163266,132.0,0.5606658293358757,0.23057994439628063,3.9732129615368077,123.20707127085058,0.2060061224489796,0.180371495339127,0.4512694660551497
initial-071626/dpc-134-LB-D3-2025-08-30-125645-25021889-D-thin-1.png,initial-071626,dpc-134-LB-D3-2025-08-30-125645-25021889-D-thin-1.png,C:\Users\owlem\Projects\fov-filtering-tool\crowding-crenation\data\raw\initial-dataset-071626\dpc-134-LB-D3-2025-08-30-125645-25021889-D-thin-1.png,dense,rouleaux,3,3,0.5397394132653062,132.0,0.5689263298562315,0.23266744979751974,3.9982100205607547,98.71865840396111,0.18641989795918368,0.1505176496215963,0.2882389161550034
initial-071626/dpc-198-KIT-62501056.png,initial-071626,dpc-198-KIT-62501056.png,C:\Users\owlem\Projects\fov-filtering-tool\crowding-crenation\data\raw\initial-dataset-071626\dpc-198-KIT-62501056.png,slightly dense,some rouleaux,2,2,0.2450001275510204,167.0,0.537524958329482,0.1133064441984404,3.862583400159317,65.96151706935072,0.13571479591836735,0.33230041853118364,0.9577342658319581
initial-071626/dpc-168-KIT-62500666.png,initial-071626,dpc-168-KIT-62500666.png,C:\Users\owlem\Projects\fov-filtering-tool\crowding-crenation\data\raw\initial-dataset-071626\dpc-168-KIT-62500666.png,monolayer,slight rouleaux,1,1,0.23979413265306124,170.0,0.5766204054878323,0.10152394264905001,3.825306495518206,113.38899048876775,0.18682984693877552,0.07917519092313931,0.1808875927238455
initial-071626/dpc-146-LB-D3-2025-08-30-125645-25021889-D-thin-1.png,initial-071626,dpc-146-LB-D3-2025-08-30-125645-25021889-D-thin-1.png,C:\Users\owlem\Projects\fov-filtering-tool\crowding-crenation\data\raw\initial-dataset-071626\dpc-146-LB-D3-2025-08-30-125645-25021889-D-thin-1.png,very dense,heavy rouleaux,4,4,0.5293507653061225,132.0,0.5944362588473464,0.21468547675957134,4.072475990830755,132.42389824968637,0.2183985969387755,0.09416136770073154,0.1759480145415654
initial-071626/dpc-008-LB-D3-2025-08-30-130619-2412193030-D-thin-2.png,initial-071626,dpc-008-LB-D3-2025-08-30-130619-2412193030-D-thin-2.png,C:\Users\owlem\Projects\fov-filtering-tool\crowding-crenation\data\raw\initial-dataset-071626\dpc-008-LB-D3-2025-08-30-130619-2412193030-D-thin-2.png,very dense,heavy rouleaux,4,4,0.5188905612244898,132.0,0.6030698497767055,0.20596330841628632,4.119496784190821,137.1072521175914,0.23876619897959184,0.1562567519258872,0.42482921981202126
initial-071626/dpc-020-LB-D3-2025-08-30-132634-250816974-D-thin-4.png,initial-071626,dpc-020-LB-D3-2025-08-30-132634-250816974-D-thin-4.png,C:\Users\owlem\Projects\fov-filtering-tool\crowding-crenation\data\raw\initial-dataset-071626\dpc-020-LB-D3-2025-08-30-132634-250816974-D-thin-4.png,very dense,heavy rouleaux,4,4,0.4947859693877551,133.0,0.5958410546889457,0.19997217554246272,3.988954759320323,135.46032090185756,0.22958979591836734,0.1343838038622312,0.2140571840355093
tanzania-073026/dpc-001-KTR-72502948.png,tanzania-073026,dpc-001-KTR-72502948.png,C:\Users\owlem\Projects\fov-filtering-tool\crowding-crenation\data\raw\new\KTR-72502948\dpc\dpc-001-KTR-72502948.png,monolayer,no rouleaux,1,0,0.2139075255102041,168.0,0.5583393687146831,0.09447453275351676,3.8907303996308737,67.01775621667726,0.14617576530612245,0.17484954823561444,0.18681194023920863
tanzania-073026/dpc-002-KTR-72502948.png,tanzania-073026,dpc-002-KTR-72502948.png,C:\Users\owlem\Projects\fov-filtering-tool\crowding-crenation\data\raw\new\KTR-72502948\dpc\dpc-002-KTR-72502948.png,monolayer,no rouleaux,1,0,0.1974952806122449,169.0,0.5608408654740195,0.08673185650663913,3.9069734207202877,63.04927753254715,0.14560829081632654,0.15644356959880257,0.27208554344113833
tanzania-073026/dpc-003-KTR-72502948.png,tanzania-073026,dpc-003-KTR-72502948.png,C:\Users\owlem\Projects\fov-filtering-tool\crowding-crenation\data\raw\new\KTR-72502948\dpc\dpc-003-KTR-72502948.png,monolayer,no rouleaux,1,0,0.2123514030612245,168.0,0.5551853550440193,0.09445701395858291,3.8949572909652046,59.09529760928026,0.13551836734693878,0.17230466701074176,0.21491344219878902
tanzania-073026/dpc-004-KTR-72502948.png,tanzania-073026,dpc-004-KTR-72502948.png,C:\Users\owlem\Projects\fov-filtering-tool\crowding-crenation\data\raw\new\KTR-72502948\dpc\dpc-004-KTR-72502948.png,monolayer,no rouleaux,1,0,0.1847216836734694,169.0,0.560216210950822,0.08123760196546205,3.834387584439553,57.42664794749649,0.13200892857142857,0.16048113941133357,0.2516294637599057
tanzania-073026/dpc-005-KTR-72502948.png,tanzania-073026,dpc-005-KTR-72502948.png,C:\Users\owlem\Projects\fov-filtering-tool\crowding-crenation\data\raw\new\KTR-72502948\dpc\dpc-005-KTR-72502948.png,monolayer,no rouleaux,1,0,0.1789892857142857,169.0,0.5593138935277449,0.0788780914216786,3.8063362191129153,55.23324057471403,0.12905714285714287,0.14991216438527055,0.2904026256893837
tanzania-073026/dpc-006-KTR-72502948.png,tanzania-073026,dpc-006-KTR-72502948.png,C:\Users\owlem\Projects\fov-filtering-tool\crowding-crenation\data\raw\new\KTR-72502948\dpc\dpc-006-KTR-72502948.png,monolayer,no rouleaux,1,0,0.18519757653061225,169.0,0.5722714702949595,0.07921428711437549,3.845036408061077,61.10793045259088,0.14359298469387755,0.13885372275869232,0.2942454808928056
tanzania-073026/dpc-007-KTR-72502948.png,tanzania-073026,dpc-007-KTR-72502948.png,C:\Users\owlem\Projects\fov-filtering-tool\crowding-crenation\data\raw\new\KTR-72502948\dpc\dpc-007-KTR-72502948.png,monolayer,no rouleaux,1,0,0.18402053571428573,169.0,0.5536973228600149,0.08212885773801995,3.865800007575955,57.473273759799724,0.13417015306122448,0.1990045758578333,0.33191144217774227
tanzania-073026/dpc-008-KTR-72502948.png,tanzania-073026,dpc-008-KTR-72502948.png,C:\Users\owlem\Projects\fov-filtering-tool\crowding-crenation\data\raw\new\KTR-72502948\dpc\dpc-008-KTR-72502948.png,monolayer,no rouleaux,1,0,0.2021701530612245,168.0,0.5721026287372943,0.08650807704267681,3.8480706696841653,62.384976603245505,0.1459311224489796,0.15250327873404884,0.2250190159685267
tanzania-073026/dpc-009-KTR-72502948.png,tanzania-073026,dpc-009-KTR-72502948.png,C:\Users\owlem\Projects\fov-filtering-tool\crowding-crenation\data\raw\new\KTR-72502948\dpc\dpc-009-KTR-72502948.png,monolayer,no rouleaux,1,0,0.20715229591836734,168.0,0.5617512794435741,0.09078422864655063,3.8673011543127576,60.77384642287174,0.14179936224489795,0.19179471827440228,0.28383488978245813
tanzania-073026/dpc-010-KTR-72502948.png,tanzania-073026,dpc-010-KTR-72502948.png,C:\Users\owlem\Projects\fov-filtering-tool\crowding-crenation\data\raw\new\KTR-72502948\dpc\dpc-010-KTR-72502948.png,monolayer,no rouleaux,1,0,0.1783079081632653,169.0,0.576903492177932,0.07544145326093556,3.7839743608949696,57.42933166733815,0.13674107142857142,0.15028891914585238,0.20757947593228981
tanzania-073026/dpc-011-KTR-72502948.png,tanzania-073026,dpc-011-KTR-72502948.png,C:\Users\owlem\Projects\fov-filtering-tool\crowding-crenation\data\raw\new\KTR-72502948\dpc\dpc-011-KTR-72502948.png,monolayer,no rouleaux,1,0,0.18061313775510204,169.0,0.5710053137274901,0.07748207636794362,3.8266721536813746,59.99901391016167,0.14232436224489797,0.17875259987240286,0.3423630893021912
tanzania-073026/dpc-012-KTR-72502948.png,tanzania-073026,dpc-012-KTR-72502948.png,C:\Users\owlem\Projects\fov-filtering-tool\crowding-crenation\data\raw\new\KTR-72502948\dpc\dpc-012-KTR-72502948.png,monolayer,slight rouleaux,1,1,0.20439732142857142,168.0,0.5795471619872532,0.08593943387684648,3.837093435813705,64.83156191220138,0.15080956632653061,0.1604573780723918,0.426184767759177
tanzania-073026/dpc-013-KTR-72502948.png,tanzania-073026,dpc-013-KTR-72502948.png,C:\Users\owlem\Projects\fov-filtering-tool\crowding-crenation\data\raw\new\KTR-72502948\dpc\dpc-013-KTR-72502948.png,monolayer,no rouleaux,1,0,0.20683979591836735,168.0,0.5938698501037744,0.08400387732083126,3.826361060860539,65.262793410115,0.15328303571428573,0.1214839663124755,0.2673403778390192
tanzania-073026/dpc-014-KTR-72502948.png,tanzania-073026,dpc-014-KTR-72502948.png,C:\Users\owlem\Projects\fov-filtering-tool\crowding-crenation\data\raw\new\KTR-72502948\dpc\dpc-014-KTR-72502948.png,monolayer,slight rouleaux,1,1,0.20913890306122448,168.0,0.5801206434925551,0.08781310803801984,3.817009306843407,64.28345325173382,0.15083341836734693,0.12384189949897745,0.2484920991819324
tanzania-073026/dpc-015-KTR-72502948.png,tanzania-073026,dpc-015-KTR-72502948.png,C:\Users\owlem\Projects\fov-filtering-tool\crowding-crenation\data\raw\new\KTR-72502948\dpc\dpc-015-KTR-72502948.png,monolayer,slight rouleaux,1,1,0.21054795918367347,168.0,0.5964872271474517,0.08495879082864924,3.8293556335219416,66.51330404637098,0.15634630102040817,0.14555644929780132,0.48961195802365653
tanzania-073026/dpc-016-KTR-72502948.png,tanzania-073026,dpc-016-KTR-72502948.png,C:\Users\owlem\Projects\fov-filtering-tool\crowding-crenation\data\raw\new\KTR-72502948\dpc\dpc-016-KTR-72502948.png,monolayer,slight rouleaux,1,1,0.24537130102040816,167.0,0.595805625291462,0.09917769958736433,3.886408278825558,73.40511711050023,0.16991670918367346,0.13747874940112298,0.23803061984546664
tanzania-073026/dpc-017-KTR-72502948.png,tanzania-073026,dpc-017-KTR-72502948.png,C:\Users\owlem\Projects\fov-filtering-tool\crowding-crenation\data\raw\new\KTR-72502948\dpc\dpc-017-KTR-72502948.png,slightly dense,slight rouleaux,2,1,0.24923201530612246,167.0,0.6012826717751621,0.09937312325094905,3.8910053080722,73.75136192368096,0.17290229591836734,0.1310084840333365,0.24320102085124698
tanzania-073026/dpc-018-KTR-72502948.png,tanzania-073026,dpc-018-KTR-72502948.png,C:\Users\owlem\Projects\fov-filtering-tool\crowding-crenation\data\raw\new\KTR-72502948\dpc\dpc-018-KTR-72502948.png,slightly dense,slight rouleaux,2,1,0.2482466836734694,167.0,0.5929602162654407,0.10104627643527053,3.8940815865034963,72.65446840908027,0.1691514030612245,0.12816584754644456,0.3245693824005479
tanzania-073026/dpc-019-KTR-72502948.png,tanzania-073026,dpc-019-KTR-72502948.png,C:\Users\owlem\Projects\fov-filtering-tool\crowding-crenation\data\raw\new\KTR-72502948\dpc\dpc-019-KTR-72502948.png,monolayer,no rouleaux,1,0,0.2417780612244898,167.0,0.5494548917628332,0.10893192276376008,3.9260892244105707,62.976467708456966,0.13828711734693877,0.20489872460282454,0.3021250620474856
tanzania-073026/dpc-020-KTR-72502948.png,tanzania-073026,dpc-020-KTR-72502948.png,C:\Users\owlem\Projects\fov-filtering-tool\crowding-crenation\data\raw\new\KTR-72502948\dpc\dpc-020-KTR-72502948.png,monolayer,no rouleaux,1,0,0.21980216836734695,168.0,0.5571835505298799,0.09733201578226212,3.933900353214147,61.842113847300695,0.14091492346938775,0.1681844879636031,0.19391823257758584
tanzania-073026/dpc-021-KTR-72502948.png,tanzania-073026,dpc-021-KTR-72502948.png,C:\Users\owlem\Projects\fov-filtering-tool\crowding-crenation\data\raw\new\KTR-72502948\dpc\dpc-021-KTR-72502948.png,monolayer,no rouleaux,1,0,0.2117313775510204,168.0,0.5564565898075343,0.09391205724372806,3.888822252029585,60.48039077284381,0.13607640306122448,0.16383310077357013,0.23193272358792694
tanzania-073026/dpc-022-KTR-72502948.png,tanzania-073026,dpc-022-KTR-72502948.png,C:\Users\owlem\Projects\fov-filtering-tool\crowding-crenation\data\raw\new\KTR-72502948\dpc\dpc-022-KTR-72502948.png,monolayer,no rouleaux,1,0,0.18914566326530613,169.0,0.5522889593808271,0.08468260172911386,3.8599734181145036,57.89722838900295,0.1315359693877551,0.16162227300338003,0.21545904236895316
tanzania-073026/dpc-023-KTR-72502948.png,tanzania-073026,dpc-023-KTR-72502948.png,C:\Users\owlem\Projects\fov-filtering-tool\crowding-crenation\data\raw\new\KTR-72502948\dpc\dpc-023-KTR-72502948.png,monolayer,no rouleaux,1,0,0.17627461734693878,169.0,0.5594516052774555,0.07765749970252467,3.7930835287592575,54.55128900580756,0.12586785714285714,0.16342584201801652,0.27497511116238843
tanzania-073026/dpc-024-KTR-72502948.png,tanzania-073026,dpc-024-KTR-72502948.png,C:\Users\owlem\Projects\fov-filtering-tool\crowding-crenation\data\raw\new\KTR-72502948\dpc\dpc-024-KTR-72502948.png,monolayer,no rouleaux,1,0,0.18310255102040815,169.0,0.5549028029416705,0.08149843223341344,3.8492203973559,59.528130080534424,0.13633176020408164,0.18035441485565826,0.2384829723281772
tanzania-073026/dpc-025-KTR-72502948.png,tanzania-073026,dpc-025-KTR-72502948.png,C:\Users\owlem\Projects\fov-filtering-tool\crowding-crenation\data\raw\new\KTR-72502948\dpc\dpc-025-KTR-72502948.png,monolayer,no rouleaux,1,0,0.1972545918367347,168.0,0.5452214085811654,0.08970716542640735,3.8514337775402354,54.49258448366699,0.1273501275510204,0.1964089899257656,0.2515834778989762
tanzania-073026/dpc-026-KTR-72502948.png,tanzania-073026,dpc-026-KTR-72502948.png,C:\Users\owlem\Projects\fov-filtering-tool\crowding-crenation\data\raw\new\KTR-72502948\dpc\dpc-026-KTR-72502948.png,monolayer,no rouleaux,1,0,0.20145229591836736,168.0,0.5632566982724949,0.08798294085997416,3.847987868890398,58.350436687501386,0.13528010204081634,0.18447832990666937,0.24496113824335225
tanzania-073026/dpc-027-KTR-72502948.png,tanzania-073026,dpc-027-KTR-72502948.png,C:\Users\owlem\Projects\fov-filtering-tool\crowding-crenation\data\raw\new\KTR-72502948\dpc\dpc-027-KTR-72502948.png,monolayer,no rouleaux,1,0,0.20229260204081634,168.0,0.5568965584063055,0.08963654817322936,3.8525486320032796,56.24184392470244,0.13065650510204083,0.22165230009008732,0.4407271131003479
tanzania-073026/dpc-028-KTR-72502948.png,tanzania-073026,dpc-028-KTR-72502948.png,C:\Users\owlem\Projects\fov-filtering-tool\crowding-crenation\data\raw\new\KTR-72502948\dpc\dpc-028-KTR-72502948.png,monolayer,no rouleaux,1,0,0.17154948979591836,169.0,0.5622370644013367,0.07509800825351416,3.7718954229503163,54.641372776365984,0.12849489795918367,0.15566519104056747,0.2708640472168632
tanzania-073026/dpc-029-KTR-72502948.png,tanzania-073026,dpc-029-KTR-72502948.png,C:\Users\owlem\Projects\fov-filtering-tool\crowding-crenation\data\raw\new\KTR-72502948\dpc\dpc-029-KTR-72502948.png,monolayer,no rouleaux,1,0,0.19518061224489797,168.0,0.5520409118316988,0.08743292908935527,3.8403420438189815,55.552569417069364,0.12942461734693878,0.18957474850818934,0.2396571165011857
tanzania-073026/dpc-030-KTR-72502948.png,tanzania-073026,dpc-030-KTR-72502948.png,C:\Users\owlem\Projects\fov-filtering-tool\crowding-crenation\data\raw\new\KTR-72502948\dpc\dpc-030-KTR-72502948.png,monolayer,no rouleaux,1,0,0.2042860969387755,168.0,0.5715945335248344,0.08751728065344702,3.8496865346787468,61.40874630796095,0.1465873724489796,0.12945469869338136,0.17686253339043528
tanzania-073026/dpc-031-KTR-72502948.png,tanzania-073026,dpc-031-KTR-72502948.png,C:\Users\owlem\Projects\fov-filtering-tool\crowding-crenation\data\raw\new\KTR-72502948\dpc\dpc-031-KTR-72502948.png,monolayer,no rouleaux,1,0,0.20454757653061226,168.0,0.584188931872731,0.08505314628003818,3.830844240689406,63.79972373648,0.15103137755102042,0.11923488715284272,0.282935939602209
tanzania-073026/dpc-032-KTR-72502948.png,tanzania-073026,dpc-032-KTR-72502948.png,C:\Users\owlem\Projects\fov-filtering-tool\crowding-crenation\data\raw\new\KTR-72502948\dpc\dpc-032-KTR-72502948.png,monolayer,slight rouleaux,1,1,0.20793788265306123,168.0,0.5912235925163529,0.08500010065067455,3.8312597970028137,65.21142356318248,0.15297857142857144,0.12216333746691736,0.3108228446995731
tanzania-073026/dpc-033-KTR-72502948.png,tanzania-073026,dpc-033-KTR-72502948.png,C:\Users\owlem\Projects\fov-filtering-tool\crowding-crenation\data\raw\new\KTR-72502948\dpc\dpc-033-KTR-72502948.png,slightly dense,slight rouleaux,2,1,0.21468813775510204,168.0,0.5939969159885301,0.08716404602925071,3.8271972467748823,69.25670274767924,0.15949591836734694,0.14028264416037148,0.3773765771163923
tanzania-073026/dpc-034-KTR-72502948.png,tanzania-073026,dpc-034-KTR-72502948.png,C:\Users\owlem\Projects\fov-filtering-tool\crowding-crenation\data\raw\new\KTR-72502948\dpc\dpc-034-KTR-72502948.png,slightly dense,no rouleaux,2,0,0.24732130102040817,167.0,0.5891780518521502,0.10160501870366487,3.8746495534991654,76.62080655185011,0.17137755102040816,0.13861172161871677,0.30907575023201633
tanzania-073026/dpc-035-KTR-72502948.png,tanzania-073026,dpc-035-KTR-72502948.png,C:\Users\owlem\Projects\fov-filtering-tool\crowding-crenation\data\raw\new\KTR-72502948\dpc\dpc-035-KTR-72502948.png,slightly dense,slight rouleaux,2,1,0.2518313775510204,167.0,0.5980057444660369,0.10123476713871483,3.904688435849715,75.77395428408985,0.17486211734693877,0.12149272414453918,0.24960957759966773
tanzania-073026/dpc-036-KTR-72502948.png,tanzania-073026,dpc-036-KTR-72502948.png,C:\Users\owlem\Projects\fov-filtering-tool\crowding-crenation\data\raw\new\KTR-72502948\dpc\dpc-036-KTR-72502948.png,slightly dense,slight rouleaux,2,1,0.250321556122449,167.0,0.5903292021941997,0.10254943160467309,3.9133285891347316,74.61656327196704,0.1716923469387755,0.12402539479863693,0.24562579228067002
tanzania-073026/dpc-037-KTR-72502948.png,tanzania-073026,dpc-037-KTR-72502948.png,C:\Users\owlem\Projects\fov-filtering-tool\crowding-crenation\data\raw\new\KTR-72502948\dpc\dpc-037-KTR-72502948.png,monolayer,no rouleaux,1,0,0.20829553571428572,168.0,0.5435751323380641,0.09507126232296491,3.879652749795467,60.30832309583745,0.13259744897959183,0.2698693875814019,0.3176056320918199
tanzania-073026/dpc-038-KTR-72502948.png,tanzania-073026,dpc-038-KTR-72502948.png,C:\Users\owlem\Projects\fov-filtering-tool\crowding-crenation\data\raw\new\KTR-72502948\dpc\dpc-038-KTR-72502948.png,monolayer,no rouleaux,1,0,0.20481211734693877,168.0,0.5496609967805482,0.09223488477328579,3.8830564164870536,58.182612873315435,0.13354936224489797,0.253166213322835,0.48976706542344933
tanzania-073026/dpc-039-KTR-72502948.png,tanzania-073026,dpc-039-KTR-72502948.png,C:\Users\owlem\Projects\fov-filtering-tool\crowding-crenation\data\raw\new\KTR-72502948\dpc\dpc-039-KTR-72502948.png,monolayer,no rouleaux,1,0,0.1656674744897959,169.0,0.5400161667680919,0.07620435995766567,3.7484262786920266,52.005701430790594,0.11517206632653061,0.25873139058288963,0.3464207789258881
tanzania-073026/dpc-040-KTR-72502948.png,tanzania-073026,dpc-040-KTR-72502948.png,C:\Users\owlem\Projects\fov-filtering-tool\crowding-crenation\data\raw\new\KTR-72502948\dpc\dpc-040-KTR-72502948.png,monolayer,no rouleaux,1,0,0.16703214285714285,169.0,0.550817519677079,0.0750279122222239,3.7524513216642132,54.2488489231427,0.12308188775510204,0.22003939972613484,0.3514768067493622
tanzania-073026/dpc-041-KTR-72502948.png,tanzania-073026,dpc-041-KTR-72502948.png,C:\Users\owlem\Projects\fov-filtering-tool\crowding-crenation\data\raw\new\KTR-72502948\dpc\dpc-041-KTR-72502948.png,monolayer,no rouleaux,1,0,0.160075,169.0,0.5420562402018997,0.0733053473496809,3.7270221982079805,50.11793912372323,0.11133954081632653,0.25949454952459533,0.2913608244452793
tanzania-073026/dpc-042-KTR-72502948.png,tanzania-073026,dpc-042-KTR-72502948.png,C:\Users\owlem\Projects\fov-filtering-tool\crowding-crenation\data\raw\new\KTR-72502948\dpc\dpc-042-KTR-72502948.png,monolayer,no rouleaux,1,0,0.17674158163265305,169.0,0.5597705704955019,0.07780684565186552,3.811913884960375,53.97890150115495,0.12888826530612246,0.1976518709214086,0.1880643696412795
tanzania-073026/dpc-043-KTR-72502948.png,tanzania-073026,dpc-043-KTR-72502948.png,C:\Users\owlem\Projects\fov-filtering-tool\crowding-crenation\data\raw\new\KTR-72502948\dpc\dpc-043-KTR-72502948.png,monolayer,no rouleaux,1,0,0.1878065051020408,168.0,0.5415284492093952,0.08610393964269628,3.7996664696971054,48.87702504154362,0.1124484693877551,0.24657766247888283,0.3549434848510965
tanzania-073026/dpc-044-KTR-72502948.png,tanzania-073026,dpc-044-KTR-72502948.png,C:\Users\owlem\Projects\fov-filtering-tool\crowding-crenation\data\raw\new\KTR-72502948\dpc\dpc-044-KTR-72502948.png,monolayer,no rouleaux,1,0,0.19322563775510204,168.0,0.5558872241943084,0.08581397434024342,3.825439977228084,55.44679213657848,0.13182257653061225,0.20262555556551706,0.25516521280760723
tanzania-073026/dpc-045-KTR-72502948.png,tanzania-073026,dpc-045-KTR-72502948.png,C:\Users\owlem\Projects\fov-filtering-tool\crowding-crenation\data\raw\new\KTR-72502948\dpc\dpc-045-KTR-72502948.png,monolayer,no rouleaux,1,0,0.19111364795918367,168.0,0.547296588936818,0.08651780033185058,3.8121614518991414,53.43654218830558,0.12183125,0.24124111970224882,0.23130956182516588
tanzania-073026/dpc-046-KTR-72502948.png,tanzania-073026,dpc-046-KTR-72502948.png,C:\Users\owlem\Projects\fov-filtering-tool\crowding-crenation\data\raw\new\KTR-72502948\dpc\dpc-046-KTR-72502948.png,monolayer,no rouleaux,1,0,0.18021007653061225,168.0,0.5453827013734822,0.08192661817762498,3.747025782130967,49.89032681204374,0.11457704081632653,0.24190885176619784,0.2090244574659758
tanzania-073026/dpc-047-KTR-72502948.png,tanzania-073026,dpc-047-KTR-72502948.png,C:\Users\owlem\Projects\fov-filtering-tool\crowding-crenation\data\raw\new\KTR-72502948\dpc\dpc-047-KTR-72502948.png,monolayer,no rouleaux,1,0,0.16384260204081633,169.0,0.5459298250140036,0.07439603897883444,3.7751986310657992,51.021603929955035,0.11918048469387756,0.22081607253583851,0.3657693718634033
tanzania-073026/dpc-048-KTR-72502948.png,tanzania-073026,dpc-048-KTR-72502948.png,C:\Users\owlem\Projects\fov-filtering-tool\crowding-crenation\data\raw\new\KTR-72502948\dpc\dpc-048-KTR-72502948.png,monolayer,no rouleaux,1,0,0.2026940051020408,168.0,0.5570768102077802,0.08977787529155638,3.8664081121327505,60.877194738935046,0.14064005102040816,0.22509857531695657,0.31277801689322565
tanzania-073026/dpc-049-KTR-72502948.png,tanzania-073026,dpc-049-KTR-72502948.png,C:\Users\owlem\Projects\fov-filtering-tool\crowding-crenation\data\raw\new\KTR-72502948\dpc\dpc-049-KTR-72502948.png,monolayer,slight rouleaux,1,1,0.19900535714285714,168.0,0.5711219703028113,0.08534902547061392,3.8217848497545943,63.29736398260394,0.14507755102040817,0.2238348267595959,0.5253202155545703
tanzania-073026/dpc-050-KTR-72502948.png,tanzania-073026,dpc-050-KTR-72502948.png,C:\Users\owlem\Projects\fov-filtering-tool\crowding-crenation\data\raw\new\KTR-72502948\dpc\dpc-050-KTR-72502948.png,monolayer,no rouleaux,1,0,0.19519566326530613,168.0,0.5760908882171175,0.08274522023866654,3.7917437223428374,62.429845045519016,0.14435063775510204,0.19566007191769652,0.3157069255291879
tanzania-073026/dpc-051-KTR-72502948.png,tanzania-073026,dpc-051-KTR-72502948.png,C:\Users\owlem\Projects\fov-filtering-tool\crowding-crenation\data\raw\new\KTR-72502948\dpc\dpc-051-KTR-72502948.png,monolayer,slight rouleaux,1,1,0.17105408163265307,169.0,0.5861719090033319,0.07078698405922904,3.710707887652755,57.79599120858532,0.13712359693877552,0.176694779900868,0.3119393657279454
tanzania-073026/dpc-052-KTR-72502948.png,tanzania-073026,dpc-052-KTR-72502948.png,C:\Users\owlem\Projects\fov-filtering-tool\crowding-crenation\data\raw\new\KTR-72502948\dpc\dpc-052-KTR-72502948.png,monolayer,slight rouleaux,1,1,0.23472142857142858,167.0,0.5762463500447028,0.09946406207986444,3.8628704098064883,71.5438236797707,0.16244362244897959,0.2060796478691386,0.335957341525341
tanzania-073026/dpc-053-KTR-72502948.png,tanzania-073026,dpc-053-KTR-72502948.png,C:\Users\owlem\Projects\fov-filtering-tool\crowding-crenation\data\raw\new\KTR-72502948\dpc\dpc-053-KTR-72502948.png,slightly dense,slight rouleaux,2,1,0.2469871173469388,167.0,0.5835399243021521,0.10286027358669937,3.911059519497597,74.37906051369907,0.17108163265306123,0.1730944394995061,0.28306842722169245
tanzania-073026/dpc-054-KTR-72502948.png,tanzania-073026,dpc-054-KTR-72502948.png,C:\Users\owlem\Projects\fov-filtering-tool\crowding-crenation\data\raw\new\KTR-72502948\dpc\dpc-054-KTR-72502948.png,slightly dense,slight rouleaux,2,1,0.274872193877551,166.0,0.5837423207206671,0.11441766152188824,3.9502067999105877,73.79777887686754,0.17250663265306124,0.1629426659980084,0.2673008534124216
tanzania-073026/dpc-055-KTR-72502948.png,tanzania-073026,dpc-055-KTR-72502948.png,C:\Users\owlem\Projects\fov-filtering-tool\crowding-crenation\data\raw\new\KTR-72502948\dpc\dpc-055-KTR-72502948.png,monolayer,no rouleaux,1,0,0.146303443877551,169.0,0.5283232052128053,0.06900793947449149,3.6895972086390794,45.788817437749564,0.10350841836734694,0.31279539977151083,0.5787758421910124
tanzania-073026/dpc-056-KTR-72502948.png,tanzania-073026,dpc-056-KTR-72502948.png,C:\Users\owlem\Projects\fov-filtering-tool\crowding-crenation\data\raw\new\KTR-72502948\dpc\dpc-056-KTR-72502948.png,monolayer,no rouleaux,1,0,0.1438966836734694,169.0,0.5375705561857191,0.06654206339784195,3.695261428379464,43.52569608223003,0.1047155612244898,0.2561546149616255,0.2949506578750136
tanzania-073026/dpc-057-KTR-72502948.png,tanzania-073026,dpc-057-KTR-72502948.png,C:\Users\owlem\Projects\fov-filtering-tool\crowding-crenation\data\raw\new\KTR-72502948\dpc\dpc-057-KTR-72502948.png,monolayer,no rouleaux,1,0,0.14166938775510204,169.0,0.5431357383449057,0.06472368023586396,3.6617584260817924,44.937638661366506,0.10771989795918367,0.24464558500393033,0.3659273336895447
tanzania-073026/dpc-058-KTR-72502948.png,tanzania-073026,dpc-058-KTR-72502948.png,C:\Users\owlem\Projects\fov-filtering-tool\crowding-crenation\data\raw\new\KTR-72502948\dpc\dpc-058-KTR-72502948.png,monolayer,no rouleaux,1,0,0.12925344387755103,169.0,0.5397671570997993,0.059486679930406856,3.578349140769383,38.75305724477439,0.09213048469387755,0.2632128053747409,0.3855978599536523
tanzania-073026/dpc-059-KTR-72502948.png,tanzania-073026,dpc-059-KTR-72502948.png,C:\Users\owlem\Projects\fov-filtering-tool\crowding-crenation\data\raw\new\KTR-72502948\dpc\dpc-059-KTR-72502948.png,monolayer,no rouleaux,1,0,0.12243201530612245,169.0,0.5569058167214122,0.05424891382921789,3.5069218748843713,37.12997007316322,0.09154757653061224,0.23443313359335372,0.5661459865107049
tanzania-073026/dpc-060-KTR-72502948.png,tanzania-073026,dpc-060-KTR-72502948.png,C:\Users\owlem\Projects\fov-filtering-tool\crowding-crenation\data\raw\new\KTR-72502948\dpc\dpc-060-KTR-72502948.png,monolayer,no rouleaux,1,0,0.14103125,169.0,0.5496765412408869,0.06350968029312117,3.6529300874869555,44.351039352730176,0.10769948979591837,0.2844761132506697,0.4345448339415899
tanzania-073026/dpc-061-KTR-72502948.png,tanzania-073026,dpc-061-KTR-72502948.png,C:\Users\owlem\Projects\fov-filtering-tool\crowding-crenation\data\raw\new\KTR-72502948\dpc\dpc-061-KTR-72502948.png,monolayer,no rouleaux,1,0,0.1912580357142857,167.0,0.5349383591257081,0.08894677591967963,3.7479999657032357,41.28905935869729,0.0977123724489796,0.32585848565045006,0.5961975630417854
tanzania-073026/dpc-062-KTR-72502948.png,tanzania-073026,dpc-062-KTR-72502948.png,C:\Users\owlem\Projects\fov-filtering-tool\crowding-crenation\data\raw\new\KTR-72502948\dpc\dpc-062-KTR-72502948.png,monolayer,no rouleaux,1,0,0.1635466836734694,168.0,0.5445147522648608,0.07449310172927065,3.7096824376506214,43.518726315013765,0.10575408163265305,0.26480732530515494,0.3950323910224971
tanzania-073026/dpc-063-KTR-72502948.png,tanzania-073026,dpc-063-KTR-72502948.png,C:\Users\owlem\Projects\fov-filtering-tool\crowding-crenation\data\raw\new\KTR-72502948\dpc\dpc-063-KTR-72502948.png,monolayer,no rouleaux,1,0,0.15930790816326532,168.0,0.5369250243855217,0.07377150568789763,3.6891588876159576,43.1548219778313,0.10224145408163265,0.2937672985111433,0.34138833454186185
tanzania-073026/dpc-064-KTR-72502948.png,tanzania-073026,dpc-064-KTR-72502948.png,C:\Users\owlem\Projects\fov-filtering-tool\crowding-crenation\data\raw\new\KTR-72502948\dpc\dpc-064-KTR-72502948.png,monolayer,no rouleaux,1,0,0.13316811224489797,169.0,0.5439880091266721,0.060726255985638716,3.6104376745821334,41.0775789184911,0.09989553571428571,0.2479277659292183,0.2720424094121614
tanzania-073026/dpc-065-KTR-72502948.png,tanzania-073026,dpc-065-KTR-72502948.png,C:\Users\owlem\Projects\fov-filtering-tool\crowding-crenation\data\raw\new\KTR-72502948\dpc\dpc-065-KTR-72502948.png,monolayer,no rouleaux,1,0,0.18958826530612244,167.0,0.5324964430621163,0.08863318838429542,3.757020184652459,42.52829949432058,0.09981275510204082,0.32388627445311163,0.6303597561658955
tanzania-073026/dpc-066-KTR-72502948.png,tanzania-073026,dpc-066-KTR-72502948.png,C:\Users\owlem\Projects\fov-filtering-tool\crowding-crenation\data\raw\new\KTR-72502948\dpc\dpc-066-KTR-72502948.png,monolayer,no rouleaux,1,0,0.19621301020408163,167.0,0.5507233754982537,0.0881539189078165,3.7575896477631416,49.06775904367819,0.11531007653061225,0.2964053261179561,0.36149120153447173
tanzania-073026/dpc-067-KTR-72502948.png,tanzania-073026,dpc-067-KTR-72502948.png,C:\Users\owlem\Projects\fov-filtering-tool\crowding-crenation\data\raw\new\KTR-72502948\dpc\dpc-067-KTR-72502948.png,monolayer,no rouleaux,1,0,0.14818125,169.0,0.566677006496113,0.06421034283114785,3.649925869884064,49.20493700703546,0.1175936224489796,0.23291436789236036,0.2575018282184124
tanzania-073026/dpc-068-KTR-72502948.png,tanzania-073026,dpc-068-KTR-72502948.png,C:\Users\owlem\Projects\fov-filtering-tool\crowding-crenation\data\raw\new\KTR-72502948\dpc\dpc-068-KTR-72502948.png,monolayer,no rouleaux,1,0,0.16491275510204081,168.0,0.5726252810697651,0.07047954235974536,3.654494985695302,51.53522347071488,0.12212244897959183,0.2388229023153262,0.40435037740013824
tanzania-073026/dpc-069-KTR-72502948.png,tanzania-073026,dpc-069-KTR-72502948.png,C:\Users\owlem\Projects\fov-filtering-tool\crowding-crenation\data\raw\new\KTR-72502948\dpc\dpc-069-KTR-72502948.png,monolayer,no rouleaux,1,0,0.1647952806122449,168.0,0.5748063852267518,0.0700699010610922,3.642015135482596,50.278915005298735,0.12066109693877551,0.22284857756578014,0.3559778754624576
tanzania-073026/dpc-070-KTR-72502948.png,tanzania-073026,dpc-070-KTR-72502948.png,C:\Users\owlem\Projects\fov-filtering-tool\crowding-crenation\data\raw\new\KTR-72502948\dpc\dpc-070-KTR-72502948.png,monolayer,slight rouleaux,1,1,0.18132551020408164,168.0,0.5753935044042757,0.07699198944986185,3.714380563175777,57.36054607342789,0.1335751275510204,0.22598604707039743,0.369013884251893
tanzania-073026/dpc-071-KTR-72502948.png,tanzania-073026,dpc-071-KTR-72502948.png,C:\Users\owlem\Projects\fov-filtering-tool\crowding-crenation\data\raw\new\KTR-72502948\dpc\dpc-071-KTR-72502948.png,monolayer,slight rouleaux,1,1,0.2425642857142857,166.0,0.5481297049007522,0.10960759536625254,3.8272768917673767,58.83291667972668,0.13816772959183674,0.2516244303738478,0.2663316147805725
tanzania-073026/dpc-072-KTR-72502948.png,tanzania-073026,dpc-072-KTR-72502948.png,C:\Users\owlem\Projects\fov-filtering-tool\crowding-crenation\data\raw\new\KTR-72502948\dpc\dpc-072-KTR-72502948.png,monolayer,no rouleaux,1,0,0.20403035714285714,167.0,0.5717874864531403,0.08736835207200634,3.7596715264846763,54.38972865538756,0.1291639030612245,0.2452135241767739,0.32285605699069253
tanzania-073026/dpc-073-KTR-72502948.png,tanzania-073026,dpc-073-KTR-72502948.png,C:\Users\owlem\Projects\fov-filtering-tool\crowding-crenation\data\raw\new\KTR-72502948\dpc\dpc-073-KTR-72502948.png,monolayer,no rouleaux,1,0,0.12333966836734694,169.0,0.5428512235153339,0.05638457848615713,3.5042396560491564,43.52617806246438,0.10017997448979592,0.19913155681352995,0.30403009700137545
tanzania-073026/dpc-074-KTR-72502948.png,tanzania-073026,dpc-074-KTR-72502948.png,C:\Users\owlem\Projects\fov-filtering-tool\crowding-crenation\data\raw\new\KTR-72502948\dpc\dpc-074-KTR-72502948.png,monolayer,no rouleaux,1,0,0.10710573979591836,170.0,0.5513257786525869,0.048055584404772304,3.468436978165396,38.295969787869154,0.09336096938775511,0.17314707464494064,0.3130211488423669
tanzania-073026/dpc-075-KTR-72502948.png,tanzania-073026,dpc-075-KTR-72502948.png,C:\Users\owlem\Projects\fov-filtering-tool\crowding-crenation\data\raw\new\KTR-72502948\dpc\dpc-075-KTR-72502948.png,monolayer,no rouleaux,1,0,0.09889719387755103,170.0,0.5360638048969988,0.04588198783391485,3.4156109306686226,36.053779314108446,0.08526415816326531,0.21079230783136838,0.3906171746987003
tanzania-073026/dpc-076-KTR-72502948.png,tanzania-073026,dpc-076-KTR-72502948.png,C:\Users\owlem\Projects\fov-filtering-tool\crowding-crenation\data\raw\new\KTR-72502948\dpc\dpc-076-KTR-72502948.png,monolayer,no rouleaux,1,0,0.08726122448979592,170.0,0.5413008618351407,0.040026648468679704,3.303069758553899,32.77736148295983,0.07734170918367347,0.19182706073004852,0.23964914325274278
tanzania-073026/dpc-077-KTR-72502948.png,tanzania-073026,dpc-077-KTR-72502948.png,C:\Users\owlem\Projects\fov-filtering-tool\crowding-crenation\data\raw\new\KTR-72502948\dpc\dpc-077-KTR-72502948.png,monolayer,no rouleaux,1,0,0.08585267857142857,170.0,0.538171776334875,0.039649190041535796,3.3004699798226755,32.362730208649445,0.07591045918367346,0.19863375886335985,0.40757921913304124
tanzania-073026/dpc-078-KTR-72502948.png,tanzania-073026,dpc-078-KTR-72502948.png,C:\Users\owlem\Projects\fov-filtering-tool\crowding-crenation\data\raw\new\KTR-72502948\dpc\dpc-078-KTR-72502948.png,monolayer,no rouleaux,1,0,0.10127767857142857,170.0,0.5474147190200362,0.04583678661324845,3.4359971056450407,35.99471505452109,0.08785038265306122,0.16823371578655272,0.2946508863965902
tanzania-073026/dpc-079-KTR-72502948.png,tanzania-073026,dpc-079-KTR-72502948.png,C:\Users\owlem\Projects\fov-filtering-tool\crowding-crenation\data\raw\new\KTR-72502948\dpc\dpc-079-KTR-72502948.png,monolayer,no rouleaux,1,0,0.14882308673469388,167.0,0.5103194700400694,0.07287576798251762,3.5437671079784963,31.528367396323354,0.07426288265306122,0.2532797615731582,0.4185364536136133
tanzania-073026/dpc-080-KTR-72502948.png,tanzania-073026,dpc-080-KTR-72502948.png,C:\Users\owlem\Projects\fov-filtering-tool\crowding-crenation\data\raw\new\KTR-72502948\dpc\dpc-080-KTR-72502948.png,monolayer,no rouleaux,1,0,0.1396390306122449,168.0,0.5290137923825374,0.06576805746343999,3.5753873181371523,36.58611050263377,0.08761517857142857,0.23893948956436634,0.541602712848695
tanzania-073026/dpc-081-KTR-72502948.png,tanzania-073026,dpc-081-KTR-72502948.png,C:\Users\owlem\Projects\fov-filtering-tool\crowding-crenation\data\raw\new\KTR-72502948\dpc\dpc-081-KTR-72502948.png,monolayer,no rouleaux,1,0,0.18747410714285714,166.0,0.5182612184969095,0.09031354793837983,3.6331234449887573,31.653046007726836,0.07430676020408163,0.2573585880868729,0.4820258594487785
tanzania-073026/dpc-082-KTR-72502948.png,tanzania-073026,dpc-082-KTR-72502948.png,C:\Users\owlem\Projects\fov-filtering-tool\crowding-crenation\data\raw\new\KTR-72502948\dpc\dpc-082-KTR-72502948.png,monolayer,no rouleaux,1,0,0.12546045918367346,168.0,0.52705436218872,0.0593359768887185,3.4806244835476887,32.28811765664274,0.0767891581632653,0.2332435635427671,0.40723295298040124
tanzania-073026/dpc-083-KTR-72502948.png,tanzania-073026,dpc-083-KTR-72502948.png,C:\Users\owlem\Projects\fov-filtering-tool\crowding-crenation\data\raw\new\KTR-72502948\dpc\dpc-083-KTR-72502948.png,monolayer,no rouleaux,1,0,0.15251989795918366,167.0,0.5334644147513885,0.07115595985644625,3.550832611034639,32.89971312286198,0.08045994897959184,0.2131715804916,0.417308599841781
tanzania-073026/dpc-084-KTR-72502948.png,tanzania-073026,dpc-084-KTR-72502948.png,C:\Users\owlem\Projects\fov-filtering-tool\crowding-crenation\data\raw\new\KTR-72502948\dpc\dpc-084-KTR-72502948.png,monolayer,no rouleaux,1,0,0.16679017857142858,167.0,0.547688207623333,0.07544116462046721,3.6046201536558,39.873840328983896,0.09667551020408163,0.1977504354357708,0.31287128267031405
tanzania-073026/dpc-085-KTR-72502948.png,tanzania-073026,dpc-085-KTR-72502948.png,C:\Users\owlem\Projects\fov-filtering-tool\crowding-crenation\data\raw\new\KTR-72502948\dpc\dpc-085-KTR-72502948.png,monolayer,no rouleaux,1,0,0.15022538265306123,168.0,0.5642525795087124,0.06546032298338805,3.5871548167578737,43.82976664138073,0.10664770408163265,0.14719632533587357,0.2513994833152889
tanzania-073026/dpc-086-KTR-72502948.png,tanzania-073026,dpc-086-KTR-72502948.png,C:\Users\owlem\Projects\fov-filtering-tool\crowding-crenation\data\raw\new\KTR-72502948\dpc\dpc-086-KTR-72502948.png,monolayer,no rouleaux,1,0,0.17160586734693878,167.0,0.5495538725045119,0.077299198401933,3.6128301765098856,41.99947512634142,0.10146441326530613,0.16873052490073678,0.1679492047992783
tanzania-073026/dpc-087-KTR-72502948.png,tanzania-073026,dpc-087-KTR-72502948.png,C:\Users\owlem\Projects\fov-filtering-tool\crowding-crenation\data\raw\new\KTR-72502948\dpc\dpc-087-KTR-72502948.png,monolayer,no rouleaux,1,0,0.16782895408163265,167.0,0.5587144936161503,0.07406048498778511,3.5676893120231976,42.36757518864995,0.10172091836734694,0.1673171019685763,0.46889548820195504
tanzania-073026/dpc-088-KTR-72502948.png,tanzania-073026,dpc-088-KTR-72502948.png,C:\Users\owlem\Projects\fov-filtering-tool\crowding-crenation\data\raw\new\KTR-72502948\dpc\dpc-088-KTR-72502948.png,monolayer,no rouleaux,1,0,0.18489132653061224,167.0,0.5695160512125905,0.07959274834144028,3.638464526643771,49.89231077977189,0.11840994897959184,0.16130520521112765,0.38947613860084707
tanzania-073026/dpc-089-KTR-72502948.png,tanzania-073026,dpc-089-KTR-72502948.png,C:\Users\owlem\Projects\fov-filtering-tool\crowding-crenation\data\raw\new\KTR-72502948\dpc\dpc-089-KTR-72502948.png,monolayer,no rouleaux,1,0,0.18801339285714286,167.0,0.5591098257810296,0.08289325753228544,3.685318618652458,47.15627257508021,0.11303877551020408,0.22402483484994384,0.5123289396230148
tanzania-073026/dpc-090-KTR-72502948.png,tanzania-073026,dpc-090-KTR-72502948.png,C:\Users\owlem\Projects\fov-filtering-tool\crowding-crenation\data\raw\new\KTR-72502948\dpc\dpc-090-KTR-72502948.png,monolayer,no rouleaux,1,0,0.17462640306122448,167.0,0.5683557214995347,0.07537648775649368,3.6068647903647433,44.411322029437585,0.10820829081632653,0.14471179683511168,0.349376855373801
tanzania-073026/dpc-091-KTR-72502948.png,tanzania-073026,dpc-091-KTR-72502948.png,C:\Users\owlem\Projects\fov-filtering-tool\crowding-crenation\data\raw\new\KTR-72502948\dpc\dpc-091-KTR-72502948.png,sparser,no rouleaux,0,0,0.07332895408163265,171.0,0.553340551712145,0.03275307017362749,3.1292063712263354,33.190712856030544,0.07142002551020409,0.2272369772298922,0.443558591384385
tanzania-073026/dpc-092-KTR-72502948.png,tanzania-073026,dpc-092-KTR-72502948.png,C:\Users\owlem\Projects\fov-filtering-tool\crowding-crenation\data\raw\new\KTR-72502948\dpc\dpc-092-KTR-72502948.png,sparser,no rouleaux,0,0,0.0692468112244898,171.0,0.5420426056351612,0.03171208923644122,3.120837263515993,29.84546369664318,0.06541670918367347,0.2203249406094312,0.41638892626333646
tanzania-073026/dpc-093-KTR-72502948.png,tanzania-073026,dpc-093-KTR-72502948.png,C:\Users\owlem\Projects\fov-filtering-tool\crowding-crenation\data\raw\new\KTR-72502948\dpc\dpc-093-KTR-72502948.png,sparser,no rouleaux,0,0,0.06616147959183674,171.0,0.5306744783046237,0.031051270925576774,3.1352051592393573,28.513114531267007,0.06275012755102041,0.23404792984058478,0.44869726572411367
tanzania-073026/dpc-094-KTR-72502948.png,tanzania-073026,dpc-094-KTR-72502948.png,C:\Users\owlem\Projects\fov-filtering-tool\crowding-crenation\data\raw\new\KTR-72502948\dpc\dpc-094-KTR-72502948.png,sparser,no rouleaux,0,0,0.060554336734693875,171.0,0.547856146136744,0.02737927117935782,3.0344720877549536,26.32788803401896,0.058482908163265304,0.2097565922531058,0.40233355614312205
tanzania-073026/dpc-095-KTR-72502948.png,tanzania-073026,dpc-095-KTR-72502948.png,C:\Users\owlem\Projects\fov-filtering-tool\crowding-crenation\data\raw\new\KTR-72502948\dpc\dpc-095-KTR-72502948.png,sparser,no rouleaux,0,0,0.06386122448979592,170.0,0.5350943017557145,0.029689447162163637,3.0557577647307386,25.31443223837622,0.05645535714285714,0.2260575884103867,0.6362103227355297
tanzania-073026/dpc-096-KTR-72502948.png,tanzania-073026,dpc-096-KTR-72502948.png,C:\Users\owlem\Projects\fov-filtering-tool\crowding-crenation\data\raw\new\KTR-72502948\dpc\dpc-096-KTR-72502948.png,sparser,no rouleaux,0,0,0.07836454081632653,170.0,0.5498190038332077,0.03527822704884713,3.1994258466475056,28.714677264208525,0.06900433673469387,0.18152693797008157,0.47124157145043466
tanzania-073026/dpc-097-KTR-72502948.png,tanzania-073026,dpc-097-KTR-72502948.png,C:\Users\owlem\Projects\fov-filtering-tool\crowding-crenation\data\raw\new\KTR-72502948\dpc\dpc-097-KTR-72502948.png,sparser,no rouleaux,0,0,0.08778698979591837,169.0,0.5114797606994893,0.042885721262573534,3.273958706049585,27.085572234752526,0.06317244897959183,0.2466042943673801,0.44815881476132147
tanzania-073026/dpc-098-KTR-72502948.png,tanzania-073026,dpc-098-KTR-72502948.png,C:\Users\owlem\Projects\fov-filtering-tool\crowding-crenation\data\raw\new\KTR-72502948\dpc\dpc-098-KTR-72502948.png,sparser,no rouleaux,0,0,0.10653622448979592,168.0,0.5132557724001088,0.05185589230069433,3.3367460561562856,28.881643302370087,0.06755663265306122,0.2509351859041007,0.36427733489022796
tanzania-073026/dpc-099-KTR-72502948.png,tanzania-073026,dpc-099-KTR-72502948.png,C:\Users\owlem\Projects\fov-filtering-tool\crowding-crenation\data\raw\new\KTR-72502948\dpc\dpc-099-KTR-72502948.png,sparser,no rouleaux,0,0,0.14624464285714286,166.0,0.5068049102612623,0.07212713975773823,3.4064365778183867,21.203950059168484,0.04517780612244898,0.26012356761873,0.6359856112158472
tanzania-073026/dpc-100-KTR-72502948.png,tanzania-073026,dpc-100-KTR-72502948.png,C:\Users\owlem\Projects\fov-filtering-tool\crowding-crenation\data\raw\new\KTR-72502948\dpc\dpc-100-KTR-72502948.png,sparser,no rouleaux,0,0,0.09449094387755103,168.0,0.5116578820681612,0.04614390765854178,3.228839625252468,24.226826671594687,0.05502627551020408,0.25374513812039534,0.48473941541601817
tanzania-073026/dpc-101-KTR-72502948.png,tanzania-073026,dpc-101-KTR-72502948.png,C:\Users\owlem\Projects\fov-filtering-tool\crowding-crenation\data\raw\new\KTR-72502948\dpc\dpc-101-KTR-72502948.png,sparser,no rouleaux,0,0,0.09639005102040817,168.0,0.5135229421753168,0.04689154842397927,3.2622309175114945,26.577301228512987,0.0622922193877551,0.2675146045567064,0.5796275157780627
tanzania-073026/dpc-102-KTR-72502948.png,tanzania-073026,dpc-102-KTR-72502948.png,C:\Users\owlem\Projects\fov-filtering-tool\crowding-crenation\data\raw\new\KTR-72502948\dpc\dpc-102-KTR-72502948.png,sparser,no rouleaux,0,0,0.10903877551020408,168.0,0.5300552757923035,0.05124219728508779,3.349802646954729,29.796710248800082,0.07217933673469387,0.23887303644245625,0.4017557697092442
tanzania-073026/dpc-103-KTR-72502948.png,tanzania-073026,dpc-103-KTR-72502948.png,C:\Users\owlem\Projects\fov-filtering-tool\crowding-crenation\data\raw\new\KTR-72502948\dpc\dpc-103-KTR-72502948.png,monolayer,no rouleaux,1,0,0.11359834183673469,168.0,0.5422697134789899,0.05199740155724022,3.3610756711892127,34.09778843466852,0.08088788265306122,0.2318174124767643,0.33427698244684695
tanzania-073026/dpc-104-KTR-72502948.png,tanzania-073026,dpc-104-KTR-72502948.png,C:\Users\owlem\Projects\fov-filtering-tool\crowding-crenation\data\raw\new\KTR-72502948\dpc\dpc-104-KTR-72502948.png,sparser,no rouleaux,0,0,0.11877831632653062,168.0,0.534984921024163,0.05523370814719859,3.406324292813717,34.507015901133364,0.08197538265306123,0.2491617049307554,0.3735710465995072
tanzania-073026/dpc-105-KTR-72502948.png,tanzania-073026,dpc-105-KTR-72502948.png,C:\Users\owlem\Projects\fov-filtering-tool\crowding-crenation\data\raw\new\KTR-72502948\dpc\dpc-105-KTR-72502948.png,monolayer,no rouleaux,1,0,0.12092091836734693,168.0,0.5431501295811938,0.05524270588704549,3.3964366365150096,36.01286040095772,0.08457959183673469,0.2906040386403255,0.6928748061710959
tanzania-073026/dpc-106-KTR-72502948.png,tanzania-073026,dpc-106-KTR-72502948.png,C:\Users\owlem\Projects\fov-filtering-tool\crowding-crenation\data\raw\new\KTR-72502948\dpc\dpc-106-KTR-72502948.png,monolayer,slight rouleaux,1,1,0.14298354591836734,168.0,0.5491536921316773,0.06446360376321669,3.521372774070877,42.50435968258522,0.09985841836734693,0.26290349533251767,0.4340264327007977
tanzania-073026/dpc-107-KTR-72502948.png,tanzania-073026,dpc-107-KTR-72502948.png,C:\Users\owlem\Projects\fov-filtering-tool\crowding-crenation\data\raw\new\KTR-72502948\dpc\dpc-107-KTR-72502948.png,monolayer,no rouleaux,1,0,0.13710561224489795,168.0,0.5542838421482923,0.06111018670970196,3.4899076831624063,39.881598398729714,0.09549094387755103,0.2748877110949789,0.4800777794244072
tanzania-073026/dpc-108-KTR-72502948.png,tanzania-073026,dpc-108-KTR-72502948.png,C:\Users\owlem\Projects\fov-filtering-tool\crowding-crenation\data\raw\new\KTR-72502948\dpc\dpc-108-KTR-72502948.png,monolayer,no rouleaux,1,0,0.12999719387755101,168.0,0.5516693586614774,0.058281725303330714,3.438942229615158,38.340672026671456,0.09040395408163265,0.28319903330272295,0.6386221357031242
tanzania-073026/dpc-109-KTR-72502948.png,tanzania-073026,dpc-109-KTR-72502948.png,C:\Users\owlem\Projects\fov-filtering-tool\crowding-crenation\data\raw\new\KTR-72502948\dpc\dpc-109-KTR-72502948.png,monolayer,no rouleaux,1,0,0.13781313775510204,169.0,0.5615933653535687,0.060418193933279324,3.586648817782163,46.943398738654835,0.10922525510204081,0.15562314417693549,0.42935040570706207
tanzania-073026/dpc-110-KTR-72502948.png,tanzania-073026,dpc-110-KTR-72502948.png,C:\Users\owlem\Projects\fov-filtering-tool\crowding-crenation\data\raw\new\KTR-72502948\dpc\dpc-110-KTR-72502948.png,slightly dense,some rouleaux,2,2,0.15674579081632653,169.0,0.5513940732623616,0.07031709075138218,3.696368751742703,54.63397018030497,0.12483469387755101,0.349736829361025,1.1974326606875125
tanzania-073026/dpc-111-KTR-72502948.png,tanzania-073026,dpc-111-KTR-72502948.png,C:\Users\owlem\Projects\fov-filtering-tool\crowding-crenation\data\raw\new\KTR-72502948\dpc\dpc-111-KTR-72502948.png,sparser,no rouleaux,0,0,0.09566594387755102,170.0,0.5556009910481086,0.04251385064963094,3.3208428149847027,34.317364215585016,0.0788656887755102,0.1980250149217221,0.44462064774883814
tanzania-073026/dpc-112-KTR-72502948.png,tanzania-073026,dpc-112-KTR-72502948.png,C:\Users\owlem\Projects\fov-filtering-tool\crowding-crenation\data\raw\new\KTR-72502948\dpc\dpc-112-KTR-72502948.png,sparser,no rouleaux,0,0,0.08991339285714285,170.0,0.5408960876688339,0.04127959043168341,3.3136692979264675,31.42133322509263,0.07418290816326531,0.22295798598336639,0.4233302076864804
tanzania-073026/dpc-113-KTR-72502948.png,tanzania-073026,dpc-113-KTR-72502948.png,C:\Users\owlem\Projects\fov-filtering-tool\crowding-crenation\data\raw\new\KTR-72502948\dpc\dpc-113-KTR-72502948.png,sparser,no rouleaux,0,0,0.08971479591836734,170.0,0.5612321599552492,0.03936396722515766,3.28271238041923,31.93382728654027,0.07432869897959184,0.24017575403736532,0.5409708523014835
tanzania-073026/dpc-114-KTR-72502948.png,tanzania-073026,dpc-114-KTR-72502948.png,C:\Users\owlem\Projects\fov-filtering-tool\crowding-crenation\data\raw\new\KTR-72502948\dpc\dpc-114-KTR-72502948.png,sparser,no rouleaux,0,0,0.11787538265306123,169.0,0.5468016367866484,0.05342093048151485,3.4833313780098374,36.49698423573051,0.0875766581632653,0.2066043254902993,0.48012699107358203
tanzania-073026/dpc-115-KTR-72502948.png,tanzania-073026,dpc-115-KTR-72502948.png,C:\Users\owlem\Projects\fov-filtering-tool\crowding-crenation\data\raw\new\KTR-72502948\dpc\dpc-115-KTR-72502948.png,sparser,no rouleaux,0,0,0.12204553571428571,169.0,0.5336876095745869,0.05691134549967869,3.535118454815164,37.23230024792467,0.08782704081632653,0.23146577860161938,0.46685002139341003
tanzania-073026/dpc-116-KTR-72502948.png,tanzania-073026,dpc-116-KTR-72502948.png,C:\Users\owlem\Projects\fov-filtering-tool\crowding-crenation\data\raw\new\KTR-72502948\dpc\dpc-116-KTR-72502948.png,monolayer,no rouleaux,1,0,0.16826160714285715,167.0,0.5232267451863096,0.0802226340976825,3.6584726561790384,36.16851935105303,0.08440535714285714,0.25311295072315926,0.5175407782926602
tanzania-073026/dpc-117-KTR-72502948.png,tanzania-073026,dpc-117-KTR-72502948.png,C:\Users\owlem\Projects\fov-filtering-tool\crowding-crenation\data\raw\new\KTR-72502948\dpc\dpc-117-KTR-72502948.png,monolayer,no rouleaux,1,0,0.24455114795918367,165.0,0.5340198627949876,0.1139559774796637,3.7669954203143985,32.52366526061502,0.06958507653061224,0.3666652602111246,1.2203477246090686
tanzania-073026/dpc-118-KTR-72502948.png,tanzania-073026,dpc-118-KTR-72502948.png,C:\Users\owlem\Projects\fov-filtering-tool\crowding-crenation\data\raw\new\KTR-72502948\dpc\dpc-118-KTR-72502948.png,sparser,no rouleaux,0,0,0.13017729591836735,167.0,0.5155909590621774,0.06305905906769545,3.4055421437059357,26.653852328077747,0.05721696428571429,0.26286998433021275,0.6838681483941603
tanzania-073026/dpc-119-KTR-72502948.png,tanzania-073026,dpc-119-KTR-72502948.png,C:\Users\owlem\Projects\fov-filtering-tool\crowding-crenation\data\raw\new\KTR-72502948\dpc\dpc-119-KTR-72502948.png,sparser,no rouleaux,0,0,0.13111492346938775,167.0,0.5261391378471725,0.062130230676306075,3.420247306850957,26.90833662325327,0.05967079081632653,0.2332150827568841,0.48905028778336335
tanzania-073026/dpc-120-KTR-72502948.png,tanzania-073026,dpc-120-KTR-72502948.png,C:\Users\owlem\Projects\fov-filtering-tool\crowding-crenation\data\raw\new\KTR-72502948\dpc\dpc-120-KTR-72502948.png,sparser,no rouleaux,0,0,0.1277140306122449,168.0,0.5398368273739554,0.05876929351539039,3.4776453582986306,31.701390864299547,0.07465714285714285,0.22993700086212376,0.5316082761895096
tanzania-073026/dpc-121-KTR-72502948.png,tanzania-073026,dpc-121-KTR-72502948.png,C:\Users\owlem\Projects\fov-filtering-tool\crowding-crenation\data\raw\new\KTR-72502948\dpc\dpc-121-KTR-72502948.png,sparser,no rouleaux,0,0,0.11526530612244898,168.0,0.5453996010428623,0.05239965414918191,3.3863144874618865,30.46368666699451,0.07255165816326531,0.24065397409285577,0.5417837501739513
tanzania-073026/dpc-122-KTR-72502948.png,tanzania-073026,dpc-122-KTR-72502948.png,C:\Users\owlem\Projects\fov-filtering-tool\crowding-crenation\data\raw\new\KTR-72502948\dpc\dpc-122-KTR-72502948.png,sparser,no rouleaux,0,0,0.11199017857142857,168.0,0.5360484060628702,0.05195802185351808,3.3646887423895464,30.206301273714196,0.07058686224489796,0.17047108543015171,0.4168878385860911
tanzania-073026/dpc-123-KTR-72502948.png,tanzania-073026,dpc-123-KTR-72502948.png,C:\Users\owlem\Projects\fov-filtering-tool\crowding-crenation\data\raw\new\KTR-72502948\dpc\dpc-123-KTR-72502948.png,sparser,no rouleaux,0,0,0.11553329081632653,168.0,0.5399905080987102,0.053146410406102323,3.3921428521943966,30.49068400329126,0.07164119897959184,0.1717541936687841,0.6713863920645051
tanzania-073026/dpc-124-KTR-72502948.png,tanzania-073026,dpc-124-KTR-72502948.png,C:\Users\owlem\Projects\fov-filtering-tool\crowding-crenation\data\raw\new\KTR-72502948\dpc\dpc-124-KTR-72502948.png,monolayer,no rouleaux,1,0,0.16202729591836734,167.0,0.5494897808224634,0.07299495259692726,3.5738184443508265,39.28675924350893,0.09477716836734694,0.17188493585532857,0.5427775181500203
tanzania-073026/dpc-125-KTR-72502948.png,tanzania-073026,dpc-125-KTR-72502948.png,C:\Users\owlem\Projects\fov-filtering-tool\crowding-crenation\data\raw\new\KTR-72502948\dpc\dpc-125-KTR-72502948.png,monolayer,no rouleaux,1,0,0.15168890306122448,168.0,0.5611452004383088,0.06656940314866647,3.6068023785308783,41.55675589978521,0.10256862244897959,0.15357427277884814,0.5048309993985451
tanzania-073026/dpc-126-KTR-72502948.png,tanzania-073026,dpc-126-KTR-72502948.png,C:\Users\owlem\Projects\fov-filtering-tool\crowding-crenation\data\raw\new\KTR-72502948\dpc\dpc-126-KTR-72502948.png,monolayer,no rouleaux,1,0,0.14416441326530613,168.0,0.5651550576328799,0.06268916597774173,3.546765502457278,40.83057865345566,0.1001452806122449,0.14635611175950236,0.45736343102109545
tanzania-073026/dpc-127-KTR-72502948.png,tanzania-073026,dpc-127-KTR-72502948.png,C:\Users\owlem\Projects\fov-filtering-tool\crowding-crenation\data\raw\new\KTR-72502948\dpc\dpc-127-KTR-72502948.png,monolayer,no rouleaux,1,0,0.10914158163265306,170.0,0.5353313973435738,0.050714666228957164,3.44258430560572,42.59336713502169,0.09668584183673469,0.13825808387438912,0.3042058678551547
tanzania-073026/dpc-128-KTR-72502948.png,tanzania-073026,dpc-128-KTR-72502948.png,C:\Users\owlem\Projects\fov-filtering-tool\crowding-crenation\data\raw\new\KTR-72502948\dpc\dpc-128-KTR-72502948.png,monolayer,no rouleaux,1,0,0.12576658163265306,169.0,0.5369548611209708,0.0582356042584326,3.5122451645631156,41.73499750147242,0.09793954081632653,0.14548181366062637,0.32699161060800885
tanzania-073026/dpc-129-KTR-72502948.png,tanzania-073026,dpc-129-KTR-72502948.png,C:\Users\owlem\Projects\fov-filtering-tool\crowding-crenation\data\raw\new\KTR-72502948\dpc\dpc-129-KTR-72502948.png,monolayer,no rouleaux,1,0,0.11518852040816327,170.0,0.5524682914698706,0.05155051534132298,3.4673328964667673,43.88566164097437,0.10252397959183673,0.15256968830790762,0.39574738458876174
tanzania-073026/dpc-130-KTR-72502948.png,tanzania-073026,dpc-130-KTR-72502948.png,C:\Users\owlem\Projects\fov-filtering-tool\crowding-crenation\data\raw\new\KTR-72502948\dpc\dpc-130-KTR-72502948.png,monolayer,no rouleaux,1,0,0.09669477040816327,170.0,0.5457531881626124,0.04392329117925633,3.3332359210676112,37.32319925026333,0.08731811224489795,0.182457009584398,0.22151471510238532
tanzania-073026/dpc-131-KTR-72502948.png,tanzania-073026,dpc-131-KTR-72502948.png,C:\Users\owlem\Projects\fov-filtering-tool\crowding-crenation\data\raw\new\KTR-72502948\dpc\dpc-131-KTR-72502948.png,monolayer,no rouleaux,1,0,0.09115318877551021,170.0,0.568636259588369,0.039320180460651576,3.2623599238117604,35.594830427470136,0.08357295918367347,0.2036293871074498,0.4581793447338575
tanzania-073026/dpc-132-KTR-72502948.png,tanzania-073026,dpc-132-KTR-72502948.png,C:\Users\owlem\Projects\fov-filtering-tool\crowding-crenation\data\raw\new\KTR-72502948\dpc\dpc-132-KTR-72502948.png,monolayer,no rouleaux,1,0,0.09580714285714285,170.0,0.5305360323935525,0.044978001410752,3.370391415417613,37.65072635718803,0.08842551020408164,0.2586899872135838,0.5856586794311024
tanzania-073026/dpc-133-KTR-72502948.png,tanzania-073026,dpc-133-KTR-72502948.png,C:\Users\owlem\Projects\fov-filtering-tool\crowding-crenation\data\raw\new\KTR-72502948\dpc\dpc-133-KTR-72502948.png,sparser,some rouleaux,0,2,0.10466275510204082,169.0,0.5226717200021412,0.04995849287269426,3.277281926461205,40.49539106499614,0.08318239795918367,0.4722407542325085,1.8553213959732042
tanzania-073026/dpc-134-KTR-72502948.png,tanzania-073026,dpc-134-KTR-72502948.png,C:\Users\owlem\Projects\fov-filtering-tool\crowding-crenation\data\raw\new\KTR-72502948\dpc\dpc-134-KTR-72502948.png,sparser,no rouleaux,0,0,0.09823545918367346,167.0,0.4967012309145618,0.04944178568768567,3.1490772057000918,21.81415431249941,0.046360841836734695,0.17965837525464565,0.3483581661708134
tanzania-073026/dpc-135-KTR-72502948.png,tanzania-073026,dpc-135-KTR-72502948.png,C:\Users\owlem\Projects\fov-filtering-tool\crowding-crenation\data\raw\new\KTR-72502948\dpc\dpc-135-KTR-72502948.png,sparser,no rouleaux,0,0,0.09676160714285714,167.0,0.4961344146333827,0.04875484382405037,3.1492755891557693,18.995834844434277,0.037095918367346936,0.24638996633345694,0.7913694424876407
tanzania-073026/dpc-136-KTR-72502948.png,tanzania-073026,dpc-136-KTR-72502948.png,C:\Users\owlem\Projects\fov-filtering-tool\crowding-crenation\data\raw\new\KTR-72502948\dpc\dpc-136-KTR-72502948.png,sparser,no rouleaux,0,0,0.06699948979591837,168.0,0.5035522587328811,0.033261745375233055,2.961400747343808,18.624499332141948,0.0390358418367347,0.236613315573208,0.7375126626107882
tanzania-073026/dpc-137-KTR-72502948.png,tanzania-073026,dpc-137-KTR-72502948.png,C:\Users\owlem\Projects\fov-filtering-tool\crowding-crenation\data\raw\new\KTR-72502948\dpc\dpc-137-KTR-72502948.png,sparser,no rouleaux,0,0,0.07958456632653062,168.0,0.5146725115231765,0.038624577696772286,3.052661254310555,22.9233953022882,0.051410586734693876,0.23511621581090672,0.6939457711067296
tanzania-073026/dpc-138-KTR-72502948.png,tanzania-073026,dpc-138-KTR-72502948.png,C:\Users\owlem\Projects\fov-filtering-tool\crowding-crenation\data\raw\new\KTR-72502948\dpc\dpc-138-KTR-72502948.png,sparser,no rouleaux,0,0,0.07402614795918368,169.0,0.530564422122532,0.03475050754526234,3.058138703844011,26.41256559663667,0.05893686224489796,0.25078065780101005,0.46302617041444055
tanzania-073026/dpc-139-KTR-72502948.png,tanzania-073026,dpc-139-KTR-72502948.png,C:\Users\owlem\Projects\fov-filtering-tool\crowding-crenation\data\raw\new\KTR-72502948\dpc\dpc-139-KTR-72502948.png,sparser,no rouleaux,0,0,0.07493163265306123,170.0,0.5464684784845502,0.03398385736677962,3.117228513328843,30.04144497887301,0.06811619897959184,0.2026522429354777,0.38161022200459244
tanzania-073026/dpc-140-KTR-72502948.png,tanzania-073026,dpc-140-KTR-72502948.png,C:\Users\owlem\Projects\fov-filtering-tool\crowding-crenation\data\raw\new\KTR-72502948\dpc\dpc-140-KTR-72502948.png,sparser,no rouleaux,0,0,0.08575561224489796,169.0,0.5365256566503817,0.03974552607374857,3.1676904458134985,31.337962461443055,0.07176377551020408,0.22452400297906594,0.4408371145287061
tanzania-073026/dpc-141-KTR-72502948.png,tanzania-073026,dpc-141-KTR-72502948.png,C:\Users\owlem\Projects\fov-filtering-tool\crowding-crenation\data\raw\new\KTR-72502948\dpc\dpc-141-KTR-72502948.png,sparser,no rouleaux,0,0,0.06680114795918367,170.0,0.5429074412872763,0.030534307645610503,3.032265981275703,26.86549782564272,0.060211989795918366,0.24425851665933535,0.466070625413043
tanzania-073026/dpc-142-KTR-72502948.png,tanzania-073026,dpc-142-KTR-72502948.png,C:\Users\owlem\Projects\fov-filtering-tool\crowding-crenation\data\raw\new\KTR-72502948\dpc\dpc-142-KTR-72502948.png,sparser,no rouleaux,0,0,0.08415178571428572,169.0,0.5387581620126287,0.03881432431277656,3.15078107770228,31.057036298729493,0.06989948979591837,0.2924682058212922,0.7496247925828908
tanzania-073026/dpc-143-KTR-72502948.png,tanzania-073026,dpc-143-KTR-72502948.png,C:\Users\owlem\Projects\fov-filtering-tool\crowding-crenation\data\raw\new\KTR-72502948\dpc\dpc-143-KTR-72502948.png,sparser,no rouleaux,0,0,0.09639221938775511,169.0,0.5504179497800049,0.0433362116176025,3.2408450441087453,34.03381161543162,0.07866186224489796,0.2935929523654212,0.8262187263022878
tanzania-073026/dpc-144-KTR-72502948.png,tanzania-073026,dpc-144-KTR-72502948.png,C:\Users\owlem\Projects\fov-filtering-tool\crowding-crenation\data\raw\new\KTR-72502948\dpc\dpc-144-KTR-72502948.png,sparser,no rouleaux,0,0,0.10274591836734694,169.0,0.562954959913536,0.0449045940115777,3.2582684110207367,36.56621523942241,0.0845594387755102,0.22299614739195983,0.3967560496176105
tanzania-073026/dpc-145-KTR-72502948.png,tanzania-073026,dpc-145-KTR-72502948.png,C:\Users\owlem\Projects\fov-filtering-tool\crowding-crenation\data\raw\new\KTR-72502948\dpc\dpc-145-KTR-72502948.png,monolayer,no rouleaux,1,0,0.1107125,170.0,0.5208239110692078,0.053050782745750334,3.470917868289608,40.388096539600696,0.09130688775510204,0.16491766335539637,0.4165744216951921
tanzania-073026/dpc-146-KTR-72502948.png,tanzania-073026,dpc-146-KTR-72502948.png,C:\Users\owlem\Projects\fov-filtering-tool\crowding-crenation\data\raw\new\KTR-72502948\dpc\dpc-146-KTR-72502948.png,monolayer,no rouleaux,1,0,0.10617729591836735,170.0,0.526889340802384,0.05023361046375911,3.449321407118945,38.20887421970265,0.08867130102040817,0.16728990630049834,0.4651764378319352
tanzania-073026/dpc-147-KTR-72502948.png,tanzania-073026,dpc-147-KTR-72502948.png,C:\Users\owlem\Projects\fov-filtering-tool\crowding-crenation\data\raw\new\KTR-72502948\dpc\dpc-147-KTR-72502948.png,monolayer,no rouleaux,1,0,0.1044829081632653,170.0,0.528750518489073,0.04923751629869258,3.438160534766042,37.56597560022679,0.08815178571428571,0.1674375561159475,0.46957446913852063
tanzania-073026/dpc-148-KTR-72502948.png,tanzania-073026,dpc-148-KTR-72502948.png,C:\Users\owlem\Projects\fov-filtering-tool\crowding-crenation\data\raw\new\KTR-72502948\dpc\dpc-148-KTR-72502948.png,monolayer,no rouleaux,1,0,0.09574566326530612,170.0,0.5335617504242447,0.04465943957793908,3.3560291601114205,35.794285263674354,0.08460918367346938,0.15419762446202095,0.2571598051965009
tanzania-073026/dpc-149-KTR-72502948.png,tanzania-073026,dpc-149-KTR-72502948.png,C:\Users\owlem\Projects\fov-filtering-tool\crowding-crenation\data\raw\new\KTR-72502948\dpc\dpc-149-KTR-72502948.png,monolayer,no rouleaux,1,0,0.0855001275510204,170.0,0.5433374104331727,0.03904470965574301,3.2357233281395943,32.342606976372835,0.07659910714285714,0.19969665303097717,0.641502456426572
tanzania-073026/dpc-150-KTR-72502948.png,tanzania-073026,dpc-150-KTR-72502948.png,C:\Users\owlem\Projects\fov-filtering-tool\crowding-crenation\data\raw\new\KTR-72502948\dpc\dpc-150-KTR-72502948.png,monolayer,no rouleaux,1,0,0.09282793367346939,170.0,0.5300973066677371,0.04362009604963193,3.3565461554864124,32.94812411782135,0.08078584183673469,0.15676114346231296,0.2853112873143752
tanzania-073026/dpc-151-KTR-72502948.png,tanzania-073026,dpc-151-KTR-72502948.png,C:\Users\owlem\Projects\fov-filtering-tool\crowding-crenation\data\raw\new\KTR-72502948\dpc\dpc-151-KTR-72502948.png,monolayer,no rouleaux,1,0,0.09518188775510204,170.0,0.5320322935401502,0.04454204970927396,3.370288455963058,35.57105319724517,0.0840423469387755,0.1796511304819374,0.26679520324034833
tanzania-073026/dpc-152-KTR-72502948.png,tanzania-073026,dpc-152-KTR-72502948.png,C:\Users\owlem\Projects\fov-filtering-tool\crowding-crenation\data\raw\new\KTR-72502948\dpc\dpc-152-KTR-72502948.png,monolayer,no rouleaux,1,0,0.09035357142857142,170.0,0.5298021384160919,0.042484056072183175,3.317211116511402,34.01071611841639,0.07944400510204082,0.21421146748297235,0.38788972763143825
tanzania-073026/dpc-153-KTR-72502948.png,tanzania-073026,dpc-153-KTR-72502948.png,C:\Users\owlem\Projects\fov-filtering-tool\crowding-crenation\data\raw\new\KTR-72502948\dpc\dpc-153-KTR-72502948.png,monolayer,no rouleaux,1,0,0.08996147959183673,169.0,0.5161864970388799,0.043524578572891846,3.284161177334126,28.955924052913556,0.06790446428571428,0.2165549765322866,0.36553684669033754
tanzania-073026/dpc-154-KTR-72502948.png,tanzania-073026,dpc-154-KTR-72502948.png,C:\Users\owlem\Projects\fov-filtering-tool\crowding-crenation\data\raw\new\KTR-72502948\dpc\dpc-154-KTR-72502948.png,monolayer,no rouleaux,1,0,0.06646313775510204,170.0,0.5260607473656617,0.031499489835386134,3.076928574419439,26.041509610751476,0.059157270408163265,0.2082183016455563,0.33620620292200454
tanzania-073026/dpc-155-KTR-72502948.png,tanzania-073026,dpc-155-KTR-72502948.png,C:\Users\owlem\Projects\fov-filtering-tool\crowding-crenation\data\raw\new\KTR-72502948\dpc\dpc-155-KTR-72502948.png,monolayer,no rouleaux,1,0,0.07768673469387755,170.0,0.5309861741787412,0.036436152654336626,3.2019949927337152,30.325509680751807,0.07049591836734694,0.2524782548593569,0.7945898300385604
tanzania-073026/dpc-156-KTR-72502948.png,tanzania-073026,dpc-156-KTR-72502948.png,C:\Users\owlem\Projects\fov-filtering-tool\crowding-crenation\data\raw\new\KTR-72502948\dpc\dpc-156-KTR-72502948.png,slightly dense,slight rouleaux,2,1,0.0810170918367347,170.0,0.5249445919287393,0.0384876076232468,3.21523310987484,34.2546606987609,0.07596619897959184,0.35462370653612596,0.946938591092014
tanzania-073026/dpc-157-KTR-72502948.png,tanzania-073026,dpc-157-KTR-72502948.png,C:\Users\owlem\Projects\fov-filtering-tool\crowding-crenation\data\raw\new\KTR-72502948\dpc\dpc-157-KTR-72502948.png,sparser,no rouleaux,0,0,0.07224298469387755,170.0,0.5348642357087627,0.03360279590026689,3.0721319289969697,31.300771844210136,0.06786377551020409,0.24001488713526534,0.6871960529884289
tanzania-073026/dpc-158-KTR-72502948.png,tanzania-073026,dpc-158-KTR-72502948.png,C:\Users\owlem\Projects\fov-filtering-tool\crowding-crenation\data\raw\new\KTR-72502948\dpc\dpc-158-KTR-72502948.png,sparser,no rouleaux,0,0,0.057332908163265306,170.0,0.5237146981436883,0.027306821470841014,2.9561797228559903,24.2358510581021,0.052842091836734696,0.1749603289480589,0.42106289915044237
tanzania-073026/dpc-159-KTR-72502948.png,tanzania-073026,dpc-159-KTR-72502948.png,C:\Users\owlem\Projects\fov-filtering-tool\crowding-crenation\data\raw\new\KTR-72502948\dpc\dpc-159-KTR-72502948.png,sparser,no rouleaux,0,0,0.06626543367346939,170.0,0.5367940205613603,0.030694545107645608,3.034768293729905,28.09555067943048,0.0604109693877551,0.23197097325224317,0.801652080276494
tanzania-073026/dpc-160-KTR-72502948.png,tanzania-073026,dpc-160-KTR-72502948.png,C:\Users\owlem\Projects\fov-filtering-tool\crowding-crenation\data\raw\new\KTR-72502948\dpc\dpc-160-KTR-72502948.png,sparser,no rouleaux,0,0,0.06704464285714286,169.0,0.5122008951534529,0.03270431677047073,3.0244480556902547,24.85210082736603,0.05483367346938776,0.22549479122938193,0.6000585039348156
tanzania-073026/dpc-161-KTR-72502948.png,tanzania-073026,dpc-161-KTR-72502948.png,C:\Users\owlem\Projects\fov-filtering-tool\crowding-crenation\data\raw\new\KTR-72502948\dpc\dpc-161-KTR-72502948.png,sparser,no rouleaux,0,0,0.07006607142857142,170.0,0.5259786920947472,0.03321281081835429,3.104737315272338,28.614056151436934,0.06356007653061224,0.24781869805012277,0.8938530762874912
tanzania-073026/dpc-162-KTR-72502948.png,tanzania-073026,dpc-162-KTR-72502948.png,C:\Users\owlem\Projects\fov-filtering-tool\crowding-crenation\data\raw\new\KTR-72502948\dpc\dpc-162-KTR-72502948.png,sparser,no rouleaux,0,0,0.05201836734693877,170.0,0.5289906376809386,0.024501138032960317,2.897667035857069,21.748505748328988,0.047610841836734696,0.2302662269521196,0.5633099902192308
tanzania-073026/dpc-163-KTR-72502948.png,tanzania-073026,dpc-163-KTR-72502948.png,C:\Users\owlem\Projects\fov-filtering-tool\crowding-crenation\data\raw\new\KTR-72502948\dpc\dpc-163-KTR-72502948.png,monolayer,slight rouleaux,1,1,0.15520905612244898,169.0,0.5478453113637047,0.0701785024445792,3.6602813185295933,56.866088879467576,0.12748520408163266,0.14808797664989648,0.21407610117039844
tanzania-073026/dpc-164-KTR-72502948.png,tanzania-073026,dpc-164-KTR-72502948.png,C:\Users\owlem\Projects\fov-filtering-tool\crowding-crenation\data\raw\new\KTR-72502948\dpc\dpc-164-KTR-72502948.png,monolayer,no rouleaux,1,0,0.16040867346938775,169.0,0.5570969988624913,0.0710454828880785,3.6718154143550548,58.1370530901373,0.1319860969387755,0.15155048078464323,0.29127910386591144
tanzania-073026/dpc-165-KTR-72502948.png,tanzania-073026,dpc-165-KTR-72502948.png,C:\Users\owlem\Projects\fov-filtering-tool\crowding-crenation\data\raw\new\KTR-72502948\dpc\dpc-165-KTR-72502948.png,monolayer,slight rouleaux,1,1,0.14916045918367346,169.0,0.5591702692578887,0.06575436505930846,3.6010721295494736,53.944356828346415,0.12336160714285714,0.13174556813150054,0.20648548031192188
tanzania-073026/dpc-166-KTR-72502948.png,tanzania-073026,dpc-166-KTR-72502948.png,C:\Users\owlem\Projects\fov-filtering-tool\crowding-crenation\data\raw\new\KTR-72502948\dpc\dpc-166-KTR-72502948.png,sparser,slight rouleaux,0,1,0.11998660714285714,170.0,0.5544431951285721,0.05346084930593468,3.465833436994755,46.37401680981583,0.10679642857142857,0.14241083406569774,0.388028697867838
tanzania-073026/dpc-167-KTR-72502948.png,tanzania-073026,dpc-167-KTR-72502948.png,C:\Users\owlem\Projects\fov-filtering-tool\crowding-crenation\data\raw\new\KTR-72502948\dpc\dpc-167-KTR-72502948.png,monolayer,no rouleaux,1,0,0.11026683673469388,170.0,0.5503412158273878,0.04958245174068238,3.4112357560698974,42.20341128980134,0.09874744897959184,0.166336306811976,0.4122844279181535
tanzania-073026/dpc-168-KTR-72502948.png,tanzania-073026,dpc-168-KTR-72502948.png,C:\Users\owlem\Projects\fov-filtering-tool\crowding-crenation\data\raw\new\KTR-72502948\dpc\dpc-168-KTR-72502948.png,monolayer,slight rouleaux,1,1,0.15270051020408162,169.0,0.5690023002468683,0.0658135686490888,3.5905964803295127,55.78518656052927,0.1258441326530612,0.17524513863694527,0.30770203223856424
tanzania-073026/dpc-169-KTR-72502948.png,tanzania-073026,dpc-169-KTR-72502948.png,C:\Users\owlem\Projects\fov-filtering-tool\crowding-crenation\data\raw\new\KTR-72502948\dpc\dpc-169-KTR-72502948.png,monolayer,slight rouleaux,1,1,0.15551352040816327,169.0,0.550568315619273,0.06989270342101739,3.6114612974887237,59.15520657150623,0.1297265306122449,0.17057550229403956,0.467862489550177
tanzania-073026/dpc-170-KTR-72502948.png,tanzania-073026,dpc-170-KTR-72502948.png,C:\Users\owlem\Projects\fov-filtering-tool\crowding-crenation\data\raw\new\KTR-72502948\dpc\dpc-170-KTR-72502948.png,monolayer,slight rouleaux,1,1,0.14462142857142857,169.0,0.5699012959596254,0.06220148900503904,3.531356773635782,54.113209428872054,0.12230586734693878,0.20387113806179266,0.5570806026625102
tanzania-073026/dpc-171-KTR-72502948.png,tanzania-073026,dpc-171-KTR-72502948.png,C:\Users\owlem\Projects\fov-filtering-tool\crowding-crenation\data\raw\new\KTR-72502948\dpc\dpc-171-KTR-72502948.png,monolayer,no rouleaux,1,0,0.13738239795918367,169.0,0.5627998756607339,0.06006360146978164,3.5091006566776954,49.72651772616131,0.11377780612244898,0.18290839226135772,0.5254478484364979
tanzania-073026/dpc-172-KTR-72502948.png,tanzania-073026,dpc-172-KTR-72502948.png,C:\Users\owlem\Projects\fov-filtering-tool\crowding-crenation\data\raw\new\KTR-72502948\dpc\dpc-172-KTR-72502948.png,monolayer,no rouleaux,1,0,0.11136670918367347,170.0,0.5662369192866982,0.04830676686441257,3.375779055797728,45.1224612934215,0.10235867346938776,0.1425271884057131,0.3782574371632915
tanzania-073026/dpc-173-KTR-72502948.png,tanzania-073026,dpc-173-KTR-72502948.png,C:\Users\owlem\Projects\fov-filtering-tool\crowding-crenation\data\raw\new\KTR-72502948\dpc\dpc-173-KTR-72502948.png,monolayer,no rouleaux,1,0,0.11156760204081632,170.0,0.5674691606612887,0.0482564285537216,3.4087613519519326,42.646323458209366,0.10032410714285714,0.14895179872966824,0.27208421017641354
tanzania-073026/dpc-174-KTR-72502948.png,tanzania-073026,dpc-174-KTR-72502948.png,C:\Users\owlem\Projects\fov-filtering-tool\crowding-crenation\data\raw\new\KTR-72502948\dpc\dpc-174-KTR-72502948.png,monolayer,no rouleaux,1,0,0.11847946428571429,170.0,0.5714687289693617,0.05077215542138626,3.409935944210126,45.989251773797584,0.10334438775510205,0.22090601323715975,0.8066022928006862
tanzania-073026/dpc-175-KTR-72502948.png,tanzania-073026,dpc-175-KTR-72502948.png,C:\Users\owlem\Projects\fov-filtering-tool\crowding-crenation\data\raw\new\KTR-72502948\dpc\dpc-175-KTR-72502948.png,sparser,no rouleaux,0,0,0.09725676020408164,170.0,0.5817948402426039,0.040673278938634726,3.2263797988620486,38.35253327190486,0.08640969387755101,0.2012902399321336,0.7755017076883572
tanzania-073026/dpc-176-KTR-72502948.png,tanzania-073026,dpc-176-KTR-72502948.png,C:\Users\owlem\Projects\fov-filtering-tool\crowding-crenation\data\raw\new\KTR-72502948\dpc\dpc-176-KTR-72502948.png,monolayer,no rouleaux,1,0,0.10671505102040817,170.0,0.572006195015877,0.04567338073529931,3.3175211040093577,42.50272132216687,0.09603762755102041,0.1483502223691687,0.3507275488037569
tanzania-073026/dpc-177-KTR-72502948.png,tanzania-073026,dpc-177-KTR-72502948.png,C:\Users\owlem\Projects\fov-filtering-tool\crowding-crenation\data\raw\new\KTR-72502948\dpc\dpc-177-KTR-72502948.png,monolayer,no rouleaux,1,0,0.10750714285714286,170.0,0.5838055537637968,0.044743875787864956,3.3045749519797525,42.750144330867315,0.09450905612244898,0.19200465732284205,0.37030291461595494
tanzania-073026/dpc-178-KTR-72502948.png,tanzania-073026,dpc-178-KTR-72502948.png,C:\Users\owlem\Projects\fov-filtering-tool\crowding-crenation\data\raw\new\KTR-72502948\dpc\dpc-178-KTR-72502948.png,monolayer,no rouleaux,1,0,0.12877793367346937,169.0,0.5676229603818044,0.055680621729883036,3.418885111326137,48.40221438049085,0.10488392857142857,0.1441017223781059,0.32769456122445706
tanzania-073026/dpc-179-KTR-72502948.png,tanzania-073026,dpc-179-KTR-72502948.png,C:\Users\owlem\Projects\fov-filtering-tool\crowding-crenation\data\raw\new\KTR-72502948\dpc\dpc-179-KTR-72502948.png,monolayer,slight rouleaux,1,1,0.13690510204081632,169.0,0.5801291935528079,0.05748245560061267,3.4392473902885863,51.671998348863895,0.1098033163265306,0.1617273511476874,0.23805736156454227
tanzania-073026/dpc-180-KTR-72502948.png,tanzania-073026,dpc-180-KTR-72502948.png,C:\Users\owlem\Projects\fov-filtering-tool\crowding-crenation\data\raw\new\KTR-72502948\dpc\dpc-180-KTR-72502948.png,monolayer,no rouleaux,1,0,0.11560803571428571,170.0,0.5792161666475562,0.048645992434203374,3.377106554578451,46.182055063326125,0.10096900510204082,0.17636279538116398,0.2812934489983924
tanzania-073026/dpc-181-KTR-72502948.png,tanzania-073026,dpc-181-KTR-72502948.png,C:\Users\owlem\Projects\fov-filtering-tool\crowding-crenation\data\raw\new\KTR-72502948\dpc\dpc-181-KTR-72502948.png,dense,rouleaux,3,3,0.23285140306122448,167.0,0.5494789804333553,0.10490445151466658,3.8587411116441377,73.81171957575036,0.1538672193877551,0.3256876111508957,1.0105605795423191
tanzania-073026/dpc-182-KTR-72502948.png,tanzania-073026,dpc-182-KTR-72502948.png,C:\Users\owlem\Projects\fov-filtering-tool\crowding-crenation\data\raw\new\KTR-72502948\dpc\dpc-182-KTR-72502948.png,slightly dense,some rouleaux,2,2,0.18737869897959183,168.0,0.5538477867203281,0.0835994212712103,3.7656794092482957,58.25848173598605,0.13527397959183673,0.16605483876689525,0.5085162613403161
tanzania-073026/dpc-183-KTR-72502948.png,tanzania-073026,dpc-183-KTR-72502948.png,C:\Users\owlem\Projects\fov-filtering-tool\crowding-crenation\data\raw\new\KTR-72502948\dpc\dpc-183-KTR-72502948.png,slightly dense,some rouleaux,2,2,0.1725858418367347,169.0,0.5642355139108632,0.07520678067424573,3.7348438689839494,57.44259645565984,0.13714923469387755,0.1965189605215792,0.49471432471187377
tanzania-073026/dpc-184-KTR-72502948.png,tanzania-073026,dpc-184-KTR-72502948.png,C:\Users\owlem\Projects\fov-filtering-tool\crowding-crenation\data\raw\new\KTR-72502948\dpc\dpc-184-KTR-72502948.png,slightly dense,some rouleaux,2,2,0.15790446428571428,169.0,0.5549796676291049,0.07027069717927671,3.6583860049180874,51.48288289379994,0.1219016581632653,0.20863358890559797,0.43847265258383417
tanzania-073026/dpc-185-KTR-72502948.png,tanzania-073026,dpc-185-KTR-72502948.png,C:\Users\owlem\Projects\fov-filtering-tool\crowding-crenation\data\raw\new\KTR-72502948\dpc\dpc-185-KTR-72502948.png,slightly dense,some rouleaux,2,2,0.15870382653061224,169.0,0.5627491860561912,0.06939337732650724,3.620857004670769,55.07490437296506,0.12710803571428572,0.22478413627927793,0.514300232955197
tanzania-073026/dpc-186-KTR-72502948.png,tanzania-073026,dpc-186-KTR-72502948.png,C:\Users\owlem\Projects\fov-filtering-tool\crowding-crenation\data\raw\new\KTR-72502948\dpc\dpc-186-KTR-72502948.png,slightly dense,some rouleaux,2,2,0.16664885204081634,169.0,0.5626901418875944,0.07287718584056467,3.6769428383051808,58.88963625610439,0.13481823979591837,0.20997928445286443,0.5321724349576605
tanzania-073026/dpc-187-KTR-72502948.png,tanzania-073026,dpc-187-KTR-72502948.png,C:\Users\owlem\Projects\fov-filtering-tool\crowding-crenation\data\raw\new\KTR-72502948\dpc\dpc-187-KTR-72502948.png,slightly dense,some rouleaux,2,2,0.16491887755102042,169.0,0.5680632594074695,0.0712345224315664,3.658838853436223,59.868706363253494,0.13650395408163266,0.1682716842105486,0.4053129055554224
tanzania-073026/dpc-188-KTR-72502948.png,tanzania-073026,dpc-188-KTR-72502948.png,C:\Users\owlem\Projects\fov-filtering-tool\crowding-crenation\data\raw\new\KTR-72502948\dpc\dpc-188-KTR-72502948.png,slightly dense,slight rouleaux,2,1,0.19182614795918368,168.0,0.5761627910953153,0.08130305914595749,3.7139203100669222,63.0538422105432,0.1465422193877551,0.1327321063185159,0.25896694308879653
tanzania-073026/dpc-189-KTR-72502948.png,tanzania-073026,dpc-189-KTR-72502948.png,C:\Users\owlem\Projects\fov-filtering-tool\crowding-crenation\data\raw\new\KTR-72502948\dpc\dpc-189-KTR-72502948.png,slightly dense,slight rouleaux,2,1,0.1840391581632653,168.0,0.5752638579534575,0.07816808202375876,3.6800628493614105,61.12905260758856,0.14233826530612245,0.1290168539978771,0.36029982498161156
tanzania-073026/dpc-190-KTR-72502948.png,tanzania-073026,dpc-190-KTR-72502948.png,C:\Users\owlem\Projects\fov-filtering-tool\crowding-crenation\data\raw\new\KTR-72502948\dpc\dpc-190-KTR-72502948.png,slightly dense,slight rouleaux,2,1,0.1581066326530612,169.0,0.5926576776916159,0.06440352291725654,3.5800418407478207,55.26511479825097,0.13117104591836734,0.19085096509950703,0.4379575801414719
tanzania-073026/dpc-191-KTR-72502948.png,tanzania-073026,dpc-191-KTR-72502948.png,C:\Users\owlem\Projects\fov-filtering-tool\crowding-crenation\data\raw\new\KTR-72502948\dpc\dpc-191-KTR-72502948.png,slightly dense,slight rouleaux,2,1,0.1575544642857143,169.0,0.5706330422171213,0.06764868101546835,3.6076862029074683,57.225649252845315,0.12940395408163266,0.1889018896186526,0.5349721156678457
tanzania-073026/dpc-192-KTR-72502948.png,tanzania-073026,dpc-192-KTR-72502948.png,C:\Users\owlem\Projects\fov-filtering-tool\crowding-crenation\data\raw\new\KTR-72502948\dpc\dpc-192-KTR-72502948.png,slightly dense,some rouleaux,2,2,0.1683669642857143,169.0,0.5683514077135124,0.0726753631214779,3.6126820765681225,68.35068427187551,0.14072244897959182,0.3004129369599465,0.9318453400980036
tanzania-073026/dpc-193-KTR-72502948.png,tanzania-073026,dpc-193-KTR-72502948.png,C:\Users\owlem\Projects\fov-filtering-tool\crowding-crenation\data\raw\new\KTR-72502948\dpc\dpc-193-KTR-72502948.png,monolayer,slight rouleaux,1,1,0.11519834183673469,170.0,0.5574261124195549,0.05098377798950471,3.372790699389741,46.545964332898336,0.10229145408163265,0.2677021449747518,1.0431081925670664
tanzania-073026/dpc-194-KTR-72502948.png,tanzania-073026,dpc-194-KTR-72502948.png,C:\Users\owlem\Projects\fov-filtering-tool\crowding-crenation\data\raw\new\KTR-72502948\dpc\dpc-194-KTR-72502948.png,monolayer,slight rouleaux,1,1,0.09533673469387755,170.0,0.5522266881047913,0.042689245439152396,3.2446078232591873,38.30630161483779,0.08798622448979591,0.23824393863494578,0.7084370672485599
tanzania-073026/dpc-195-KTR-72502948.png,tanzania-073026,dpc-195-KTR-72502948.png,C:\Users\owlem\Projects\fov-filtering-tool\crowding-crenation\data\raw\new\KTR-72502948\dpc\dpc-195-KTR-72502948.png,monolayer,some rouleaux,1,2,0.13528966836734693,169.0,0.5679311646231857,0.05845444944999502,3.4330658801507297,51.125671206433616,0.11100420918367347,0.3246164581009207,1.225342610752164
tanzania-073026/dpc-196-KTR-72502948.png,tanzania-073026,dpc-196-KTR-72502948.png,C:\Users\owlem\Projects\fov-filtering-tool\crowding-crenation\data\raw\new\KTR-72502948\dpc\dpc-196-KTR-72502948.png,slightly dense,slight rouleaux,2,1,0.14800280612244898,169.0,0.5624288150320779,0.06476176325357764,3.5076514227209095,55.887380053073116,0.11969732142857142,0.20468574913406015,0.5692256613979093
tanzania-073026/dpc-197-KTR-72502948.png,tanzania-073026,dpc-197-KTR-72502948.png,C:\Users\owlem\Projects\fov-filtering-tool\crowding-crenation\data\raw\new\KTR-72502948\dpc\dpc-197-KTR-72502948.png,monolayer,slight rouleaux,1,1,0.11735867346938776,170.0,0.5681324921121839,0.050683397840244455,3.3725581671418148,45.95815741347715,0.10230637755102041,0.25307794789875304,0.5409265323240243
tanzania-073026/dpc-198-KTR-72502948.png,tanzania-073026,dpc-198-KTR-72502948.png,C:\Users\owlem\Projects\fov-filtering-tool\crowding-crenation\data\raw\new\KTR-72502948\dpc\dpc-198-KTR-72502948.png,monolayer,slight rouleaux,1,1,0.13113316326530614,169.0,0.5580942449821586,0.05794849952063297,3.434897369376454,47.1767589526557,0.10386058673469388,0.20576180207067601,0.48312350059048115
tanzania-073026/dpc-199-KTR-72502948.png,tanzania-073026,dpc-199-KTR-72502948.png,C:\Users\owlem\Projects\fov-filtering-tool\crowding-crenation\data\raw\new\KTR-72502948\dpc\dpc-199-KTR-72502948.png,dense,rouleaux,3,3,0.3282122448979592,164.0,0.548758371976311,0.1481030277250648,4.078473096208218,58.32626389690481,0.1368266581632653,0.21554205959790698,0.5277107321099301
tanzania-073026/dpc-200-KTR-72502948.png,tanzania-073026,dpc-200-KTR-72502948.png,C:\Users\owlem\Projects\fov-filtering-tool\crowding-crenation\data\raw\new\KTR-72502948\dpc\dpc-200-KTR-72502948.png,dense,rouleaux,3,3,0.3690604591836735,163.0,0.5561230378631805,0.16381743546726865,4.093885808903758,62.00219869868016,0.14436632653061224,0.2360457002653683,0.35904037774309827
tanzania-073026/dpc-201-KTR-72502948.png,tanzania-073026,dpc-201-KTR-72502948.png,C:\Users\owlem\Projects\fov-filtering-tool\crowding-crenation\data\raw\new\KTR-72502948\dpc\dpc-201-KTR-72502948.png,dense,rouleaux,3,3,0.2990285714285714,165.0,0.5556777044803475,0.13286506128310524,4.050042803175039,64.34615587630478,0.1534264030612245,0.23674636670033045,0.6622436036122408
tanzania-073026/dpc-202-KTR-72502948.png,tanzania-073026,dpc-202-KTR-72502948.png,C:\Users\owlem\Projects\fov-filtering-tool\crowding-crenation\data\raw\new\KTR-72502948\dpc\dpc-202-KTR-72502948.png,dense,rouleaux,3,3,0.3356151785714286,164.0,0.5583930507261026,0.1482099951389429,4.0556489450345925,64.91563851213215,0.15424375,0.25060994085377797,0.48724641186323725
tanzania-073026/dpc-203-KTR-72502948.png,tanzania-073026,dpc-203-KTR-72502948.png,C:\Users\owlem\Projects\fov-filtering-tool\crowding-crenation\data\raw\new\KTR-72502948\dpc\dpc-203-KTR-72502948.png,very dense,no rouleaux,4,0,0.30614591836734695,165.0,0.5575965550636119,0.13544000893892852,4.029900650505988,64.13126249875569,0.15251135204081634,0.26299887912402087,0.5793765381365271
tanzania-073026/dpc-204-KTR-72502948.png,tanzania-073026,dpc-204-KTR-72502948.png,C:\Users\owlem\Projects\fov-filtering-tool\crowding-crenation\data\raw\new\KTR-72502948\dpc\dpc-204-KTR-72502948.png,very dense,heavy rouleaux,4,4,0.2556577806122449,166.0,0.5456651531762906,0.1161542385937538,3.9693880883858474,58.581554299325674,0.1394982142857143,0.29831754694631135,0.9344695044258083
tanzania-073026/dpc-205-KTR-72502948.png,tanzania-073026,dpc-205-KTR-72502948.png,C:\Users\owlem\Projects\fov-filtering-tool\crowding-crenation\data\raw\new\KTR-72502948\dpc\dpc-205-KTR-72502948.png,very dense,heavy rouleaux,4,4,0.2974088010204082,165.0,0.5592318381922469,0.13108833053121313,4.0249959727909,66.33164421029291,0.1531139030612245,0.2764972752951754,0.7561651745709588
tanzania-073026/dpc-206-KTR-72502948.png,tanzania-073026,dpc-206-KTR-72502948.png,C:\Users\owlem\Projects\fov-filtering-tool\crowding-crenation\data\raw\new\KTR-72502948\dpc\dpc-206-KTR-72502948.png,very dense,heavy rouleaux,4,4,0.31398839285714286,165.0,0.573401293769416,0.1339470421642775,4.025501440973985,77.33677364864614,0.1758126275510204,0.24281841001716098,0.5813966795972679
tanzania-073026/dpc-207-KTR-72502948.png,tanzania-073026,dpc-207-KTR-72502948.png,C:\Users\owlem\Projects\fov-filtering-tool\crowding-crenation\data\raw\new\KTR-72502948\dpc\dpc-207-KTR-72502948.png,very dense,heavy rouleaux,4,4,0.3090862244897959,165.0,0.5727486725270134,0.13205749971687883,3.988476574034846,76.9320020779638,0.1769730867346939,0.2262925452816602,0.5818359056572776
tanzania-073026/dpc-208-KTR-72502948.png,tanzania-073026,dpc-208-KTR-72502948.png,C:\Users\owlem\Projects\fov-filtering-tool\crowding-crenation\data\raw\new\KTR-72502948\dpc\dpc-208-KTR-72502948.png,dense,rouleaux,3,3,0.25917959183673467,166.0,0.5586098040695205,0.114399330821998,3.899719296852849,68.4215246174482,0.1571377551020408,0.2798910684155542,0.9186445417155552
tanzania-073026/dpc-209-KTR-72502948.png,tanzania-073026,dpc-209-KTR-72502948.png,C:\Users\owlem\Projects\fov-filtering-tool\crowding-crenation\data\raw\new\KTR-72502948\dpc\dpc-209-KTR-72502948.png,dense,rouleaux,3,3,0.2617089285714286,166.0,0.561236771626177,0.11482825439425424,3.907807850812075,71.62193414156646,0.16161670918367346,0.23499441723920944,0.6227784570842875
tanzania-073026/dpc-210-KTR-72502948.png,tanzania-073026,dpc-210-KTR-72502948.png,C:\Users\owlem\Projects\fov-filtering-tool\crowding-crenation\data\raw\new\KTR-72502948\dpc\dpc-210-KTR-72502948.png,very dense,heavy rouleaux,4,4,0.26643558673469386,166.0,0.5573401030383459,0.11794034937089744,3.9191482554618444,73.54019715371278,0.16194744897959185,0.27782493162723937,0.7095170730105599
tanzania-073026/dpc-211-KTR-72502948.png,tanzania-073026,dpc-211-KTR-72502948.png,C:\Users\owlem\Projects\fov-filtering-tool\crowding-crenation\data\raw\new\KTR-72502948\dpc\dpc-211-KTR-72502948.png,very dense,heavy rouleaux,4,4,0.2705093112244898,166.0,0.5516222441054272,0.12129035791542332,3.9059716810888387,78.09850356133953,0.16232295918367348,0.33783142726070947,0.8295756045844626
tanzania-073026/dpc-212-KTR-72502948.png,tanzania-073026,dpc-212-KTR-72502948.png,C:\Users\owlem\Projects\fov-filtering-tool\crowding-crenation\data\raw\new\KTR-72502948\dpc\dpc-212-KTR-72502948.png,dense,rouleaux,3,3,0.2123764030612245,167.0,0.5482661601195447,0.09593760805484623,3.8237894025627437,58.167878830584705,0.1299987244897959,0.2786761970378621,0.7502702579697136
tanzania-073026/dpc-213-KTR-72502948.png,tanzania-073026,dpc-213-KTR-72502948.png,C:\Users\owlem\Projects\fov-filtering-tool\crowding-crenation\data\raw\new\KTR-72502948\dpc\dpc-213-KTR-72502948.png,very dense,heavy rouleaux,4,4,0.25983635204081634,166.0,0.5544941923964539,0.11575860386070319,3.9071334642687137,68.54479125878106,0.14847869897959184,0.23845518913957797,0.5676213112684707
tanzania-073026/dpc-214-KTR-72502948.png,tanzania-073026,dpc-214-KTR-72502948.png,C:\Users\owlem\Projects\fov-filtering-tool\crowding-crenation\data\raw\new\KTR-72502948\dpc\dpc-214-KTR-72502948.png,very dense,heavy rouleaux,4,4,0.28334566326530614,166.0,0.5689101849719838,0.1221474295660314,3.934926913956735,78.97572254445856,0.16923239795918368,0.1614195293585301,0.28623547556084306
tanzania-073026/dpc-215-KTR-72502948.png,tanzania-073026,dpc-215-KTR-72502948.png,C:\Users\owlem\Projects\fov-filtering-tool\crowding-crenation\data\raw\new\KTR-72502948\dpc\dpc-215-KTR-72502948.png,very dense,heavy rouleaux,4,4,0.29356186224489794,166.0,0.5666275349692012,0.12722162788010322,3.965357949709388,78.75330978004573,0.16810956632653062,0.18502739176486202,0.38664766646432575
tanzania-073026/dpc-216-KTR-72502948.png,tanzania-073026,dpc-216-KTR-72502948.png,C:\Users\owlem\Projects\fov-filtering-tool\crowding-crenation\data\raw\new\KTR-72502948\dpc\dpc-216-KTR-72502948.png,very dense,heavy rouleaux,4,4,0.2843514030612245,166.0,0.5624713625337625,0.12441188194299045,3.9454272713836813,78.82527502560679,0.16089196428571428,0.2781696161726044,0.5973529374952503
tanzania-073026/dpc-217-KTR-72502948.png,tanzania-073026,dpc-217-KTR-72502948.png,C:\Users\owlem\Projects\fov-filtering-tool\crowding-crenation\data\raw\new\KTR-72502948\dpc\dpc-217-KTR-72502948.png,monolayer,no rouleaux,1,0,0.24339528061224489,167.0,0.556228919885802,0.10801178657199421,3.9576608209227153,66.06511579526197,0.14425573979591838,0.24834316210544763,0.4218905678400149
tanzania-073026/dpc-218-KTR-72502948.png,tanzania-073026,dpc-218-KTR-72502948.png,C:\Users\owlem\Projects\fov-filtering-tool\crowding-crenation\data\raw\new\KTR-72502948\dpc\dpc-218-KTR-72502948.png,monolayer,no rouleaux,1,0,0.20839757653061225,168.0,0.5587630708516121,0.0919527067103335,3.9015446845908173,59.19601310514506,0.1374283163265306,0.21584334692188392,0.6257049095455787
tanzania-073026/dpc-219-KTR-72502948.png,tanzania-073026,dpc-219-KTR-72502948.png,C:\Users\owlem\Projects\fov-filtering-tool\crowding-crenation\data\raw\new\KTR-72502948\dpc\dpc-219-KTR-72502948.png,monolayer,no rouleaux,1,0,0.19260752551020408,168.0,0.5545977156166467,0.08578783185166988,3.8356699777720076,56.02232035458752,0.13422780612244897,0.17180363979652166,0.5343942837658391
tanzania-073026/dpc-220-KTR-72502948.png,tanzania-073026,dpc-220-KTR-72502948.png,C:\Users\owlem\Projects\fov-filtering-tool\crowding-crenation\data\raw\new\KTR-72502948\dpc\dpc-220-KTR-72502948.png,monolayer,no rouleaux,1,0,0.19113520408163265,168.0,0.5507838038877018,0.08586102932069883,3.8317070624647753,54.16457695118997,0.12615382653061225,0.22952580226849786,0.39340036777324194
tanzania-073026/dpc-221-KTR-72502948.png,tanzania-073026,dpc-221-KTR-72502948.png,C:\Users\owlem\Projects\fov-filtering-tool\crowding-crenation\data\raw\new\KTR-72502948\dpc\dpc-221-KTR-72502948.png,monolayer,no rouleaux,1,0,0.19168227040816327,168.0,0.5482155755319716,0.08659906421707703,3.8489420911207834,53.400637936215205,0.12495255102040817,0.2481652808904769,0.48659302301918683
tanzania-073026/dpc-222-KTR-72502948.png,tanzania-073026,dpc-222-KTR-72502948.png,C:\Users\owlem\Projects\fov-filtering-tool\crowding-crenation\data\raw\new\KTR-72502948\dpc\dpc-222-KTR-72502948.png,monolayer,no rouleaux,1,0,0.19912040816326532,168.0,0.5594840240458843,0.08771572093442269,3.8711693731226857,57.851686696584295,0.1367515306122449,0.18988614075669197,0.2991954267302917
tanzania-073026/dpc-223-KTR-72502948.png,tanzania-073026,dpc-223-KTR-72502948.png,C:\Users\owlem\Projects\fov-filtering-tool\crowding-crenation\data\raw\new\KTR-72502948\dpc\dpc-223-KTR-72502948.png,monolayer,no rouleaux,1,0,0.2031954081632653,168.0,0.5649938203590236,0.08839125822569092,3.8648533842025308,62.958315546190434,0.14609770408163264,0.1874919421806033,0.28253391741767026
tanzania-073026/dpc-224-KTR-72502948.png,tanzania-073026,dpc-224-KTR-72502948.png,C:\Users\owlem\Projects\fov-filtering-tool\crowding-crenation\data\raw\new\KTR-72502948\dpc\dpc-224-KTR-72502948.png,monolayer,no rouleaux,1,0,0.20953864795918367,168.0,0.5711395234103196,0.08986284442773278,3.894648438617394,63.41673248578805,0.15136926020408165,0.17193484861981675,0.349350025973807
tanzania-073026/dpc-225-KTR-72502948.png,tanzania-073026,dpc-225-KTR-72502948.png,C:\Users\owlem\Projects\fov-filtering-tool\crowding-crenation\data\raw\new\KTR-72502948\dpc\dpc-225-KTR-72502948.png,monolayer,no rouleaux,1,0,0.20705969387755102,168.0,0.572181234048703,0.0885840227129472,3.8714060593355692,62.49794949687241,0.14635663265306123,0.23999509166272653,0.4900068089083871
tanzania-073026/dpc-226-KTR-72502948.png,tanzania-073026,dpc-226-KTR-72502948.png,C:\Users\owlem\Projects\fov-filtering-tool\crowding-crenation\data\raw\new\KTR-72502948\dpc\dpc-226-KTR-72502948.png,monolayer,slight rouleaux,1,1,0.17696288265306123,169.0,0.5767640736015905,0.0748970495778014,3.775248526607956,60.359266870151366,0.14344285714285715,0.17366704339163216,0.36633067151428444
tanzania-073026/dpc-227-KTR-72502948.png,tanzania-073026,dpc-227-KTR-72502948.png,C:\Users\owlem\Projects\fov-filtering-tool\crowding-crenation\data\raw\new\KTR-72502948\dpc\dpc-227-KTR-72502948.png,monolayer,no rouleaux,1,0,0.20294107142857143,168.0,0.5623418027844053,0.08881882346242981,3.862716693524934,61.53915618512367,0.145790943877551,0.22788485529853364,0.4087590880209922
tanzania-073026/dpc-228-KTR-72502948.png,tanzania-073026,dpc-228-KTR-72502948.png,C:\Users\owlem\Projects\fov-filtering-tool\crowding-crenation\data\raw\new\KTR-72502948\dpc\dpc-228-KTR-72502948.png,slightly dense,slight rouleaux,2,1,0.20471938775510204,168.0,0.5720128448481432,0.08761726836973599,3.8457640746760955,67.05900323649443,0.15616352040816325,0.18091852479365592,0.4198068815689966
tanzania-073026/dpc-229-KTR-72502948.png,tanzania-073026,dpc-229-KTR-72502948.png,C:\Users\owlem\Projects\fov-filtering-tool\crowding-crenation\data\raw\new\KTR-72502948\dpc\dpc-229-KTR-72502948.png,slightly dense,slight rouleaux,2,1,0.23937704081632652,167.0,0.5641110414792098,0.10434180901521727,3.9177531747829812,70.7570757391475,0.1639141581632653,0.2230365205619652,0.43384384314367186
tanzania-073026/dpc-230-KTR-72502948.png,tanzania-073026,dpc-230-KTR-72502948.png,C:\Users\owlem\Projects\fov-filtering-tool\crowding-crenation\data\raw\new\KTR-72502948\dpc\dpc-230-KTR-72502948.png,slightly dense,slight rouleaux,2,1,0.24012831632653062,167.0,0.5726871298457527,0.10260992005479681,3.8851563637590845,74.99572177674801,0.1686608418367347,0.19881117081561256,0.42348553920222026
tanzania-073026/dpc-231-KTR-72502948.png,tanzania-073026,dpc-231-KTR-72502948.png,C:\Users\owlem\Projects\fov-filtering-tool\crowding-crenation\data\raw\new\KTR-72502948\dpc\dpc-231-KTR-72502948.png,slightly dense,slight rouleaux,2,1,0.26983125,166.0,0.5678513558225213,0.1166072088442143,3.912475497764535,75.9683807015039,0.16821033163265306,0.22507792790453893,0.4649188921735545
tanzania-073026/dpc-232-KTR-72502948.png,tanzania-073026,dpc-232-KTR-72502948.png,C:\Users\owlem\Projects\fov-filtering-tool\crowding-crenation\data\raw\new\KTR-72502948\dpc\dpc-232-KTR-72502948.png,slightly dense,slight rouleaux,2,1,0.2830252551020408,166.0,0.5747316425250265,0.12036168536118025,3.9312883693410563,82.38038409193763,0.17854017857142856,0.19037679631243537,0.38468386449765823
tanzania-073026/dpc-233-KTR-72502948.png,tanzania-073026,dpc-233-KTR-72502948.png,C:\Users\owlem\Projects\fov-filtering-tool\crowding-crenation\data\raw\new\KTR-72502948\dpc\dpc-233-KTR-72502948.png,dense,some rouleaux,3,2,0.31705357142857143,165.0,0.5611344221758577,0.13914389882620795,3.9784578936035286,78.71334185235399,0.1702030612244898,0.3203451476972912,1.1194664053449939
tanzania-073026/dpc-234-KTR-72502948.png,tanzania-073026,dpc-234-KTR-72502948.png,C:\Users\owlem\Projects\fov-filtering-tool\crowding-crenation\data\raw\new\KTR-72502948\dpc\dpc-234-KTR-72502948.png,slightly dense,some rouleaux,2,2,0.20077283163265305,168.0,0.556542730154519,0.08903417177496274,3.797062281247169,64.09622806397336,0.14294757653061224,0.32412109025107494,1.1953259054100849
tanzania-073026/dpc-235-KTR-72502948.png,tanzania-073026,dpc-235-KTR-72502948.png,C:\Users\owlem\Projects\fov-filtering-tool\crowding-crenation\data\raw\new\KTR-72502948\dpc\dpc-235-KTR-72502948.png,monolayer,no rouleaux,1,0,0.20281377551020408,168.0,0.5521605592682092,0.09082800779719277,3.8464875113992174,61.10038876707172,0.13240025510204081,0.1958382346003685,0.33896895510936076
tanzania-073026/dpc-236-KTR-72502948.png,tanzania-073026,dpc-236-KTR-72502948.png,C:\Users\owlem\Projects\fov-filtering-tool\crowding-crenation\data\raw\new\KTR-72502948\dpc\dpc-236-KTR-72502948.png,monolayer,no rouleaux,1,0,0.1822594387755102,169.0,0.5494292858908187,0.08212076548222023,3.85687695443191,57.781565412560354,0.13221211734693877,0.15660437468329863,0.20064120496900253
tanzania-073026/dpc-237-KTR-72502948.png,tanzania-073026,dpc-237-KTR-72502948.png,C:\Users\owlem\Projects\fov-filtering-tool\crowding-crenation\data\raw\new\KTR-72502948\dpc\dpc-237-KTR-72502948.png,monolayer,no rouleaux,1,0,0.19637142857142856,168.0,0.5561520165236107,0.08715906258380639,3.8541502745849883,54.27531478701122,0.12939323979591838,0.1577566508678844,0.16546226551703402
tanzania-073026/dpc-238-KTR-72502948.png,tanzania-073026,dpc-238-KTR-72502948.png,C:\Users\owlem\Projects\fov-filtering-tool\crowding-crenation\data\raw\new\KTR-72502948\dpc\dpc-238-KTR-72502948.png,monolayer,no rouleaux,1,0,0.1905766581632653,168.0,0.543895894602128,0.08692279618127219,3.839804969028759,49.04532318484081,0.11699783163265307,0.17565581903381386,0.2866870899367289
tanzania-073026/dpc-239-KTR-72502948.png,tanzania-073026,dpc-239-KTR-72502948.png,C:\Users\owlem\Projects\fov-filtering-tool\crowding-crenation\data\raw\new\KTR-72502948\dpc\dpc-239-KTR-72502948.png,monolayer,no rouleaux,1,0,0.17127602040816325,169.0,0.5560611686187766,0.07603607634362655,3.8085305454526255,51.3210746310675,0.1224469387755102,0.16371363059141764,0.38834015236054037
tanzania-073026/dpc-240-KTR-72502948.png,tanzania-073026,dpc-240-KTR-72502948.png,C:\Users\owlem\Projects\fov-filtering-tool\crowding-crenation\data\raw\new\KTR-72502948\dpc\dpc-240-KTR-72502948.png,monolayer,no rouleaux,1,0,0.19572563775510204,168.0,0.5525269349029334,0.08758195104435366,3.864350753950511,55.58504852044919,0.12912372448979592,0.1960853982145668,0.22133599961430453
tanzania-073026/dpc-241-KTR-72502948.png,tanzania-073026,dpc-241-KTR-72502948.png,C:\Users\owlem\Projects\fov-filtering-tool\crowding-crenation\data\raw\new\KTR-72502948\dpc\dpc-241-KTR-72502948.png,monolayer,no rouleaux,1,0,0.17974821428571428,169.0,0.5616179868334761,0.07879838404165916,3.847657077506214,59.43209626178702,0.1374404336734694,0.164191755007981,0.2576544732307322
tanzania-073026/dpc-242-KTR-72502948.png,tanzania-073026,dpc-242-KTR-72502948.png,C:\Users\owlem\Projects\fov-filtering-tool\crowding-crenation\data\raw\new\KTR-72502948\dpc\dpc-242-KTR-72502948.png,monolayer,no rouleaux,1,0,0.2007515306122449,168.0,0.5627445737037359,0.08777969609748466,3.8717935253016766,59.879920943004805,0.13909081632653061,0.18331096340594474,0.2486487002601838
tanzania-073026/dpc-243-KTR-72502948.png,tanzania-073026,dpc-243-KTR-72502948.png,C:\Users\owlem\Projects\fov-filtering-tool\crowding-crenation\data\raw\new\KTR-72502948\dpc\dpc-243-KTR-72502948.png,monolayer,no rouleaux,1,0,0.19909795918367346,168.0,0.5563780477276711,0.08832422534649768,3.8717447653696784,57.24992841868827,0.13504693877551022,0.19059331991914957,0.3049582677251721
tanzania-073026/dpc-244-KTR-72502948.png,tanzania-073026,dpc-244-KTR-72502948.png,C:\Users\owlem\Projects\fov-filtering-tool\crowding-crenation\data\raw\new\KTR-72502948\dpc\dpc-244-KTR-72502948.png,monolayer,no rouleaux,1,0,0.16525650510204082,169.0,0.5670821380981205,0.07154249285415255,3.7489935290698786,54.773445697140204,0.12900420918367347,0.14243271389311515,0.3277564924429469
tanzania-073026/dpc-245-KTR-72502948.png,tanzania-073026,dpc-245-KTR-72502948.png,C:\Users\owlem\Projects\fov-filtering-tool\crowding-crenation\data\raw\new\KTR-72502948\dpc\dpc-245-KTR-72502948.png,monolayer,no rouleaux,1,0,0.1770497448979592,169.0,0.5662217929428067,0.07680032090177019,3.829332651448162,58.95406093335694,0.13933188775510205,0.14410714716460568,0.32292679790766554
tanzania-073026/dpc-246-KTR-72502948.png,tanzania-073026,dpc-246-KTR-72502948.png,C:\Users\owlem\Projects\fov-filtering-tool\crowding-crenation\data\raw\new\KTR-72502948\dpc\dpc-246-KTR-72502948.png,monolayer,no rouleaux,1,0,0.23090752551020408,167.0,0.5582546747989869,0.10200231994786632,3.9176263568679537,62.52749130506007,0.14510229591836735,0.19898674568008792,0.19795899535005637
tanzania-073026/dpc-247-KTR-72502948.png,tanzania-073026,dpc-247-KTR-72502948.png,C:\Users\owlem\Projects\fov-filtering-tool\crowding-crenation\data\raw\new\KTR-72502948\dpc\dpc-247-KTR-72502948.png,monolayer,no rouleaux,1,0,0.23620586734693877,167.0,0.5732173746583182,0.10080856018743554,3.913933818812943,69.81051058954114,0.15994630102040816,0.17202215966126502,0.34015012081295637
tanzania-073026/dpc-248-KTR-72502948.png,tanzania-073026,dpc-248-KTR-72502948.png,C:\Users\owlem\Projects\fov-filtering-tool\crowding-crenation\data\raw\new\KTR-72502948\dpc\dpc-248-KTR-72502948.png,monolayer,no rouleaux,1,0,0.24400892857142858,167.0,0.5625824452020646,0.10673378888457838,3.9413433741887958,68.67959139141774,0.15663558673469388,0.20980828315522274,0.2231001095915601
tanzania-073026/dpc-249-KTR-72502948.png,tanzania-073026,dpc-249-KTR-72502948.png,C:\Users\owlem\Projects\fov-filtering-tool\crowding-crenation\data\raw\new\KTR-72502948\dpc\dpc-249-KTR-72502948.png,monolayer,slight rouleaux,1,1,0.27588392857142857,166.0,0.5737086399125619,0.1176069351369799,3.957159377123318,70.80477140662728,0.16239961734693878,0.2079629482249682,0.22831646047011886
tanzania-073026/dpc-250-KTR-72502948.png,tanzania-073026,dpc-250-KTR-72502948.png,C:\Users\owlem\Projects\fov-filtering-tool\crowding-crenation\data\raw\new\KTR-72502948\dpc\dpc-250-KTR-72502948.png,slightly dense,slight rouleaux,2,1,0.3214924744897959,165.0,0.5729464339067759,0.13729450770300222,4.018999301030172,74.24177295576595,0.16814821428571428,0.21848540617359238,0.27364606648824485
tanzania-073026/dpc-251-KTR-72502948.png,tanzania-073026,dpc-251-KTR-72502948.png,C:\Users\owlem\Projects\fov-filtering-tool\crowding-crenation\data\raw\new\KTR-72502948\dpc\dpc-251-KTR-72502948.png,slightly dense,slight rouleaux,2,1,0.3204918367346939,165.0,0.5806532671137208,0.1343972046514167,4.006386800511044,76.53148722649539,0.17210420918367347,0.22025255581909858,0.2877703246806875
tanzania-073026/dpc-252-KTR-72502948.png,tanzania-073026,dpc-252-KTR-72502948.png,C:\Users\owlem\Projects\fov-filtering-tool\crowding-crenation\data\raw\new\KTR-72502948\dpc\dpc-252-KTR-72502948.png,slightly dense,slight rouleaux,2,1,0.32304311224489796,165.0,0.5797595146230645,0.13575579428747175,4.007537411140342,74.41370597053708,0.1697857142857143,0.22326584538461705,0.28605039104513535
tanzania-073026/dpc-253-KTR-72502948.png,tanzania-073026,dpc-253-KTR-72502948.png,C:\Users\owlem\Projects\fov-filtering-tool\crowding-crenation\data\raw\new\KTR-72502948\dpc\dpc-253-KTR-72502948.png,monolayer,no rouleaux,1,0,0.17873482142857142,169.0,0.5629903087940177,0.07810884912025638,3.8030501209236602,60.56194371821716,0.13419349489795918,0.13233891764690953,0.22795870573260052
tanzania-073026/dpc-254-KTR-72502948.png,tanzania-073026,dpc-254-KTR-72502948.png,C:\Users\owlem\Projects\fov-filtering-tool\crowding-crenation\data\raw\new\KTR-72502948\dpc\dpc-254-KTR-72502948.png,monolayer,no rouleaux,1,0,0.17551619897959184,169.0,0.551951666005916,0.07863974054178026,3.8109660348383314,56.17143272926933,0.12681173469387755,0.1564706088114644,0.22682719699235024
tanzania-073026/dpc-255-KTR-72502948.png,tanzania-073026,dpc-255-KTR-72502948.png,C:\Users\owlem\Projects\fov-filtering-tool\crowding-crenation\data\raw\new\KTR-72502948\dpc\dpc-255-KTR-72502948.png,monolayer,no rouleaux,1,0,0.1924905612244898,168.0,0.5521169764552719,0.08621325456504608,3.8330387071233583,53.400684317644036,0.12433329081632653,0.15418026722496525,0.18200190601216745
tanzania-073026/dpc-256-KTR-72502948.png,tanzania-073026,dpc-256-KTR-72502948.png,C:\Users\owlem\Projects\fov-filtering-tool\crowding-crenation\data\raw\new\KTR-72502948\dpc\dpc-256-KTR-72502948.png,monolayer,no rouleaux,1,0,0.16985535714285716,169.0,0.5555602404904048,0.07549047407998785,3.7858603129402804,51.83385641869033,0.12187155612244897,0.1268343785257666,0.2442293732678749
tanzania-073026/dpc-257-KTR-72502948.png,tanzania-073026,dpc-257-KTR-72502948.png,C:\Users\owlem\Projects\fov-filtering-tool\crowding-crenation\data\raw\new\KTR-72502948\dpc\dpc-257-KTR-72502948.png,monolayer,no rouleaux,1,0,0.16521964285714286,169.0,0.5595632074401209,0.07276880956788874,3.767403575738758,50.2872183131004,0.1206186224489796,0.14808090649947542,0.3194429698749105
tanzania-073026/dpc-258-KTR-72502948.png,tanzania-073026,dpc-258-KTR-72502948.png,C:\Users\owlem\Projects\fov-filtering-tool\crowding-crenation\data\raw\new\KTR-72502948\dpc\dpc-258-KTR-72502948.png,monolayer,no rouleaux,1,0,0.14912283163265305,169.0,0.554181715311556,0.06648168500635301,3.6809868871817586,43.87773712588655,0.10622130102040817,0.23947740916189225,0.1813027886974141
tanzania-073026/dpc-259-KTR-72502948.png,tanzania-073026,dpc-259-KTR-72502948.png,C:\Users\owlem\Projects\fov-filtering-tool\crowding-crenation\data\raw\new\KTR-72502948\dpc\dpc-259-KTR-72502948.png,monolayer,no rouleaux,1,0,0.15223520408163266,169.0,0.5524890129501324,0.06812692644230946,3.7179276446301794,47.8279866854664,0.11433520408163265,0.22317719654360388,0.31345221870472134
tanzania-073026/dpc-260-KTR-72502948.png,tanzania-073026,dpc-260-KTR-72502948.png,C:\Users\owlem\Projects\fov-filtering-tool\crowding-crenation\data\raw\new\KTR-72502948\dpc\dpc-260-KTR-72502948.png,monolayer,no rouleaux,1,0,0.17401632653061225,169.0,0.5680533730096069,0.07516576528615682,3.798203217369036,53.302567400345715,0.12823545918367346,0.12202124527371658,0.19893157148163937
tanzania-073026/dpc-261-KTR-72502948.png,tanzania-073026,dpc-261-KTR-72502948.png,C:\Users\owlem\Projects\fov-filtering-tool\crowding-crenation\data\raw\new\KTR-72502948\dpc\dpc-261-KTR-72502948.png,monolayer,no rouleaux,1,0,0.17820510204081633,169.0,0.5613276359871316,0.07817365339139933,3.83853837085958,58.083975187114575,0.13566492346938774,0.12403258644497293,0.1721919066249782
tanzania-073026/dpc-262-KTR-72502948.png,tanzania-073026,dpc-262-KTR-72502948.png,C:\Users\owlem\Projects\fov-filtering-tool\crowding-crenation\data\raw\new\KTR-72502948\dpc\dpc-262-KTR-72502948.png,monolayer,no rouleaux,1,0,0.15071122448979593,170.0,0.5679871254481806,0.06510918931906129,3.737023595376928,53.89582972360081,0.12688584183673468,0.11469166720569776,0.20429766282249298
tanzania-073026/dpc-263-KTR-72502948.png,tanzania-073026,dpc-263-KTR-72502948.png,C:\Users\owlem\Projects\fov-filtering-tool\crowding-crenation\data\raw\new\KTR-72502948\dpc\dpc-263-KTR-72502948.png,monolayer,no rouleaux,1,0,0.19426211734693877,168.0,0.5545424419685054,0.08653552841139499,3.8588126442113535,56.79192643204718,0.13340420918367346,0.16825077478923017,0.3736903344185123
tanzania-073026/dpc-264-KTR-72502948.png,tanzania-073026,dpc-264-KTR-72502948.png,C:\Users\owlem\Projects\fov-filtering-tool\crowding-crenation\data\raw\new\KTR-72502948\dpc\dpc-264-KTR-72502948.png,monolayer,no rouleaux,1,0,0.20843482142857142,168.0,0.5661672151558768,0.09042585903884467,3.9015677025297246,63.22941319840248,0.14699885204081634,0.1426223248621158,0.32633477081538115
tanzania-073026/dpc-265-KTR-72502948.png,tanzania-073026,dpc-265-KTR-72502948.png,C:\Users\owlem\Projects\fov-filtering-tool\crowding-crenation\data\raw\new\KTR-72502948\dpc\dpc-265-KTR-72502948.png,monolayer,no rouleaux,1,0,0.26518673469387755,166.0,0.5577086723397593,0.11728979296563911,3.9505385417301415,62.08753321380428,0.14285089285714286,0.21290946421613915,0.3371138682338888
tanzania-073026/dpc-266-KTR-72502948.png,tanzania-073026,dpc-266-KTR-72502948.png,C:\Users\owlem\Projects\fov-filtering-tool\crowding-crenation\data\raw\new\KTR-72502948\dpc\dpc-266-KTR-72502948.png,monolayer,no rouleaux,1,0,0.2386830357142857,167.0,0.5603980708330671,0.10492552295941993,3.9337704286209383,65.32159485024255,0.14800956632653062,0.19654430974845577,0.3129811253238385
tanzania-073026/dpc-267-KTR-72502948.png,tanzania-073026,dpc-267-KTR-72502948.png,C:\Users\owlem\Projects\fov-filtering-tool\crowding-crenation\data\raw\new\KTR-72502948\dpc\dpc-267-KTR-72502948.png,monolayer,no rouleaux,1,0,0.3039625,165.0,0.5588871707145197,0.13408175837168784,3.978722053194521,61.24473450061302,0.13998813775510205,0.23904166025699797,0.3204453002229905
tanzania-073026/dpc-268-KTR-72502948.png,tanzania-073026,dpc-268-KTR-72502948.png,C:\Users\owlem\Projects\fov-filtering-tool\crowding-crenation\data\raw\new\KTR-72502948\dpc\dpc-268-KTR-72502948.png,monolayer,slight rouleaux,1,1,0.3106275510204082,165.0,0.5708419585644664,0.13330831141183466,3.983286670209924,67.44201659652077,0.15373686224489796,0.2357981423100485,0.2874505990369932
tanzania-073026/dpc-269-KTR-72502948.png,tanzania-073026,dpc-269-KTR-72502948.png,C:\Users\owlem\Projects\fov-filtering-tool\crowding-crenation\data\raw\new\KTR-72502948\dpc\dpc-269-KTR-72502948.png,monolayer,slight rouleaux,1,1,0.3171145408163265,165.0,0.5742549086879646,0.1350099591362211,4.0077425137702605,64.86623671806757,0.14941607142857144,0.2360708838607899,0.2340885364882314
tanzania-073026/dpc-270-KTR-72502948.png,tanzania-073026,dpc-270-KTR-72502948.png,C:\Users\owlem\Projects\fov-filtering-tool\crowding-crenation\data\raw\new\KTR-72502948\dpc\dpc-270-KTR-72502948.png,monolayer,slight rouleaux,1,1,0.3108224489795918,165.0,0.5745590632770603,0.13223659384839567,3.9784453733639777,68.80499653856003,0.158034693877551,0.21719973411251178,0.3191074453920225
tanzania-073026/dpc-271-KTR-72502948.png,tanzania-073026,dpc-271-KTR-72502948.png,C:\Users\owlem\Projects\fov-filtering-tool\crowding-crenation\data\raw\new\KTR-72502948\dpc\dpc-271-KTR-72502948.png,monolayer,no rouleaux,1,0,0.18467563775510204,169.0,0.5679251946746992,0.0797936902313615,3.828731803466057,63.62820252169774,0.13917755102040816,0.1546302534876942,0.3574487889700981
tanzania-073026/dpc-272-KTR-72502948.png,tanzania-073026,dpc-272-KTR-72502948.png,C:\Users\owlem\Projects\fov-filtering-tool\crowding-crenation\data\raw\new\KTR-72502948\dpc\dpc-272-KTR-72502948.png,monolayer,no rouleaux,1,0,0.19820994897959185,168.0,0.5639406671772014,0.08643129811088178,3.8282096716628864,61.02697125820207,0.13372397959183674,0.21025759343482847,0.3550390399035001
tanzania-073026/dpc-273-KTR-72502948.png,tanzania-073026,dpc-273-KTR-72502948.png,C:\Users\owlem\Projects\fov-filtering-tool\crowding-crenation\data\raw\new\KTR-72502948\dpc\dpc-273-KTR-72502948.png,monolayer,no rouleaux,1,0,0.18190204081632652,169.0,0.5663449648506289,0.07888273590394641,3.8340183168616875,58.062719883764444,0.1339733418367347,0.15175728120620502,0.2712618641752819
tanzania-073026/dpc-274-KTR-72502948.png,tanzania-073026,dpc-274-KTR-72502948.png,C:\Users\owlem\Projects\fov-filtering-tool\crowding-crenation\data\raw\new\KTR-72502948\dpc\dpc-274-KTR-72502948.png,monolayer,no rouleaux,1,0,0.17265714285714287,169.0,0.5547249007786824,0.07687992641698349,3.8065378162218657,53.949733231542005,0.12366530612244898,0.17291754350248942,0.3012859984195407
tanzania-073026/dpc-275-KTR-72502948.png,tanzania-073026,dpc-275-KTR-72502948.png,C:\Users\owlem\Projects\fov-filtering-tool\crowding-crenation\data\raw\new\KTR-72502948\dpc\dpc-275-KTR-72502948.png,monolayer,no rouleaux,1,0,0.17141607142857143,169.0,0.566714088818292,0.07427216870011731,3.7896155543098704,53.866594164827006,0.12676964285714284,0.14138108237230515,0.3639642512720371
tanzania-073026/dpc-276-KTR-72502948.png,tanzania-073026,dpc-276-KTR-72502948.png,C:\Users\owlem\Projects\fov-filtering-tool\crowding-crenation\data\raw\new\KTR-72502948\dpc\dpc-276-KTR-72502948.png,monolayer,no rouleaux,1,0,0.17980433673469387,169.0,0.5754859221857688,0.07632947219592807,3.832633665504475,56.80927891896897,0.13502091836734695,0.11921157931207586,0.23564268815996245
tanzania-073026/dpc-277-KTR-72502948.png,tanzania-073026,dpc-277-KTR-72502948.png,C:\Users\owlem\Projects\fov-filtering-tool\crowding-crenation\data\raw\new\KTR-72502948\dpc\dpc-277-KTR-72502948.png,monolayer,no rouleaux,1,0,0.1820230867346939,169.0,0.5793268891774742,0.0765722181382021,3.835625552916813,59.358321418095294,0.13965306122448978,0.12726479382364844,0.21146879434623553
tanzania-073026/dpc-278-KTR-72502948.png,tanzania-073026,dpc-278-KTR-72502948.png,C:\Users\owlem\Projects\fov-filtering-tool\crowding-crenation\data\raw\new\KTR-72502948\dpc\dpc-278-KTR-72502948.png,monolayer,no rouleaux,1,0,0.1870405612244898,169.0,0.5741680372714976,0.07964784929606512,3.867827478034168,60.71835783268726,0.141503443877551,0.13511449103743783,0.2269808268221179
tanzania-073026/dpc-279-KTR-72502948.png,tanzania-073026,dpc-279-KTR-72502948.png,C:\Users\owlem\Projects\fov-filtering-tool\crowding-crenation\data\raw\new\KTR-72502948\dpc\dpc-279-KTR-72502948.png,monolayer,no rouleaux,1,0,0.1842673469387755,169.0,0.5757564031390565,0.07817424204932948,3.85044869507069,62.901365862501706,0.14528048469387755,0.1293530621701959,0.2859564777767635
tanzania-073026/dpc-280-KTR-72502948.png,tanzania-073026,dpc-280-KTR-72502948.png,C:\Users\owlem\Projects\fov-filtering-tool\crowding-crenation\data\raw\new\KTR-72502948\dpc\dpc-280-KTR-72502948.png,monolayer,no rouleaux,1,0,0.16956147959183673,169.0,0.571735724370133,0.07261712423212643,3.77780756322883,54.674586466332826,0.12748545918367346,0.14197246562675117,0.29924691024392636
tanzania-073026/dpc-281-KTR-72502948.png,tanzania-073026,dpc-281-KTR-72502948.png,C:\Users\owlem\Projects\fov-filtering-tool\crowding-crenation\data\raw\new\KTR-72502948\dpc\dpc-281-KTR-72502948.png,monolayer,no rouleaux,1,0,0.18036989795918368,169.0,0.5663730925801531,0.07821324104367416,3.856088439793563,60.91980946582079,0.14124017857142857,0.15067708630623483,0.3259978079290229
tanzania-073026/dpc-282-KTR-72502948.png,tanzania-073026,dpc-282-KTR-72502948.png,C:\Users\owlem\Projects\fov-filtering-tool\crowding-crenation\data\raw\new\KTR-72502948\dpc\dpc-282-KTR-72502948.png,monolayer,no rouleaux,1,0,0.21085612244897958,168.0,0.5677432652439636,0.09114397899311491,3.911425825794103,62.76512870170962,0.14557895408163266,0.1715959565096594,0.27728598599847415
tanzania-073026/dpc-283-KTR-72502948.png,tanzania-073026,dpc-283-KTR-72502948.png,C:\Users\owlem\Projects\fov-filtering-tool\crowding-crenation\data\raw\new\KTR-72502948\dpc\dpc-283-KTR-72502948.png,monolayer,no rouleaux,1,0,0.2396705357142857,167.0,0.561059038692592,0.10520121534349003,3.938244515112967,64.05410435062711,0.14449617346938776,0.20154218890729184,0.24229358495867384
tanzania-073026/dpc-284-KTR-72502948.png,tanzania-073026,dpc-284-KTR-72502948.png,C:\Users\owlem\Projects\fov-filtering-tool\crowding-crenation\data\raw\new\KTR-72502948\dpc\dpc-284-KTR-72502948.png,monolayer,no rouleaux,1,0,0.23750625,167.0,0.5640259010678519,0.1035465733345035,3.9280384559696273,65.39602872304266,0.14842882653061223,0.1869468560094135,0.17250210037029282
tanzania-073026/dpc-285-KTR-72502948.png,tanzania-073026,dpc-285-KTR-72502948.png,C:\Users\owlem\Projects\fov-filtering-tool\crowding-crenation\data\raw\new\KTR-72502948\dpc\dpc-285-KTR-72502948.png,monolayer,no rouleaux,1,0,0.30803354591836735,165.0,0.5622694865627184,0.1348356822107534,3.9895154505231267,62.59300375913453,0.1421156887755102,0.23409611370209374,0.2715934082190218
tanzania-073026/dpc-286-KTR-72502948.png,tanzania-073026,dpc-286-KTR-72502948.png,C:\Users\owlem\Projects\fov-filtering-tool\crowding-crenation\data\raw\new\KTR-72502948\dpc\dpc-286-KTR-72502948.png,monolayer,no rouleaux,1,0,0.3049427295918367,165.0,0.5700927563993369,0.1310970883348889,3.9666760378313084,67.66819448897029,0.1509294642857143,0.22232448256958062,0.38172579265318024
tanzania-073026/dpc-287-KTR-72502948.png,tanzania-073026,dpc-287-KTR-72502948.png,C:\Users\owlem\Projects\fov-filtering-tool\crowding-crenation\data\raw\new\KTR-72502948\dpc\dpc-287-KTR-72502948.png,monolayer,no rouleaux,1,0,0.3180158163265306,165.0,0.5789027305138061,0.13391559190852498,4.0114881560182605,70.68841552145808,0.1608843112244898,0.2179466071547147,0.23659135677249263
tanzania-073026/dpc-288-KTR-72502948.png,tanzania-073026,dpc-288-KTR-72502948.png,C:\Users\owlem\Projects\fov-filtering-tool\crowding-crenation\data\raw\new\KTR-72502948\dpc\dpc-288-KTR-72502948.png,monolayer,no rouleaux,1,0,0.3182584183673469,165.0,0.5773778900908132,0.13450304426676885,4.010607026427175,65.90032771609224,0.1508845663265306,0.2467650578180345,0.47663939508953546
tanzania-073026/dpc-289-KTR-72502948.png,tanzania-073026,dpc-289-KTR-72502948.png,C:\Users\owlem\Projects\fov-filtering-tool\crowding-crenation\data\raw\new\KTR-72502948\dpc\dpc-289-KTR-72502948.png,monolayer,no rouleaux,1,0,0.18414795918367347,169.0,0.5627439919005126,0.0805198015323204,3.8349748464698505,61.88280464264929,0.1361855867346939,0.146017432147043,0.2302653519111453
tanzania-073026/dpc-290-KTR-72502948.png,tanzania-073026,dpc-290-KTR-72502948.png,C:\Users\owlem\Projects\fov-filtering-tool\crowding-crenation\data\raw\new\KTR-72502948\dpc\dpc-290-KTR-72502948.png,monolayer,no rouleaux,1,0,0.18591186224489795,169.0,0.5679872774071161,0.08031628977073155,3.8484825971705634,62.16352517221999,0.14180382653061224,0.12429993222160095,0.21153434035573312
tanzania-073026/dpc-291-KTR-72502948.png,tanzania-073026,dpc-291-KTR-72502948.png,C:\Users\owlem\Projects\fov-filtering-tool\crowding-crenation\data\raw\new\KTR-72502948\dpc\dpc-291-KTR-72502948.png,monolayer,no rouleaux,1,0,0.18308163265306124,169.0,0.5689225958680111,0.07892235494832801,3.839382553736789,59.3561892398386,0.13666913265306121,0.12387270736414277,0.1977936822179798
tanzania-073026/dpc-292-KTR-72502948.png,tanzania-073026,dpc-292-KTR-72502948.png,C:\Users\owlem\Projects\fov-filtering-tool\crowding-crenation\data\raw\new\KTR-72502948\dpc\dpc-292-KTR-72502948.png,monolayer,no rouleaux,1,0,0.17904323979591838,169.0,0.5561550277510193,0.07946744179858699,3.8402461603362332,54.25357098231345,0.12510484693877552,0.15963492249158806,0.18896434629001352
tanzania-073026/dpc-293-KTR-72502948.png,tanzania-073026,dpc-293-KTR-72502948.png,C:\Users\owlem\Projects\fov-filtering-tool\crowding-crenation\data\raw\new\KTR-72502948\dpc\dpc-293-KTR-72502948.png,monolayer,no rouleaux,1,0,0.17722142857142859,169.0,0.5736104830463831,0.07556535932240135,3.822520660001519,54.967698248301765,0.13073482142857143,0.12321381162514801,0.29760171529307006
tanzania-073026/dpc-294-KTR-72502948.png,tanzania-073026,dpc-294-KTR-72502948.png,C:\Users\owlem\Projects\fov-filtering-tool\crowding-crenation\data\raw\new\KTR-72502948\dpc\dpc-294-KTR-72502948.png,monolayer,no rouleaux,1,0,0.1796264030612245,169.0,0.5808253813759631,0.07529482899799632,3.83295530358603,57.58648654314299,0.13651658163265307,0.11162062875704368,0.2482161263797015
tanzania-073026/dpc-295-KTR-72502948.png,tanzania-073026,dpc-295-KTR-72502948.png,C:\Users\owlem\Projects\fov-filtering-tool\crowding-crenation\data\raw\new\KTR-72502948\dpc\dpc-295-KTR-72502948.png,monolayer,no rouleaux,1,0,0.18140178571428572,169.0,0.585094695119311,0.07526456320768714,3.8328540788071197,60.304379286634244,0.14165357142857143,0.11195340151579045,0.22882113690160538
tanzania-073026/dpc-296-KTR-72502948.png,tanzania-073026,dpc-296-KTR-72502948.png,C:\Users\owlem\Projects\fov-filtering-tool\crowding-crenation\data\raw\new\KTR-72502948\dpc\dpc-296-KTR-72502948.png,monolayer,no rouleaux,1,0,0.18705522959183674,169.0,0.5790053668201892,0.07874924776638059,3.870805135521991,61.21256586259949,0.14346989795918366,0.13173594899139787,0.2700020738949367
tanzania-073026/dpc-297-KTR-72502948.png,tanzania-073026,dpc-297-KTR-72502948.png,C:\Users\owlem\Projects\fov-filtering-tool\crowding-crenation\data\raw\new\KTR-72502948\dpc\dpc-297-KTR-72502948.png,monolayer,no rouleaux,1,0,0.18349145408163264,169.0,0.5805719595343017,0.07696146102766083,3.8556896162199825,60.637241438192824,0.14229642857142857,0.10830099243345057,0.23685331253987105
tanzania-073026/dpc-298-KTR-72502948.png,tanzania-073026,dpc-298-KTR-72502948.png,C:\Users\owlem\Projects\fov-filtering-tool\crowding-crenation\data\raw\new\KTR-72502948\dpc\dpc-298-KTR-72502948.png,monolayer,no rouleaux,1,0,0.1689158163265306,169.0,0.5843394830389436,0.07021163553718457,3.765852940895471,54.4024373530366,0.13089566326530613,0.12110162210308813,0.22747132847210552
tanzania-073026/dpc-299-KTR-72502948.png,tanzania-073026,dpc-299-KTR-72502948.png,C:\Users\owlem\Projects\fov-filtering-tool\crowding-crenation\data\raw\new\KTR-72502948\dpc\dpc-299-KTR-72502948.png,monolayer,no rouleaux,1,0,0.1817483418367347,169.0,0.57271746176492,0.07765789282001698,3.857603250800082,60.94888952941299,0.14160140306122448,0.14964401012436665,0.26848050756952796
tanzania-073026/dpc-300-KTR-72502948.png,tanzania-073026,dpc-300-KTR-72502948.png,C:\Users\owlem\Projects\fov-filtering-tool\crowding-crenation\data\raw\new\KTR-72502948\dpc\dpc-300-KTR-72502948.png,monolayer,no rouleaux,1,0,0.21227704081632653,168.0,0.5714431202268134,0.09097278625973027,3.905862797546069,67.18499215009683,0.1513484693877551,0.14468548039522672,0.21271153274431315
tanzania-073026/dpc-301-KTR-72502948.png,tanzania-073026,dpc-301-KTR-72502948.png,C:\Users\owlem\Projects\fov-filtering-tool\crowding-crenation\data\raw\new\KTR-72502948\dpc\dpc-301-KTR-72502948.png,monolayer,no rouleaux,1,0,0.2407404336734694,167.0,0.5677814954352925,0.10405247023060608,3.9417914641572627,66.31765984480505,0.15040497448979592,0.17336181640461298,0.2829406610471816
tanzania-073026/dpc-302-KTR-72502948.png,tanzania-073026,dpc-302-KTR-72502948.png,C:\Users\owlem\Projects\fov-filtering-tool\crowding-crenation\data\raw\new\KTR-72502948\dpc\dpc-302-KTR-72502948.png,monolayer,no rouleaux,1,0,0.23875267857142857,167.0,0.570789080598988,0.10247525667909714,3.931858200574853,67.5394546673744,0.15390267857142856,0.16921404023858289,0.29817351297970457
tanzania-073026/dpc-303-KTR-72502948.png,tanzania-073026,dpc-303-KTR-72502948.png,C:\Users\owlem\Projects\fov-filtering-tool\crowding-crenation\data\raw\new\KTR-72502948\dpc\dpc-303-KTR-72502948.png,monolayer,no rouleaux,1,0,0.27506964285714286,166.0,0.5649451709568992,0.11967037644816107,3.9755943808377623,65.88084254904092,0.14965676020408164,0.19415839739828003,0.28042308231939295
tanzania-073026/dpc-304-KTR-72502948.png,tanzania-073026,dpc-304-KTR-72502948.png,C:\Users\owlem\Projects\fov-filtering-tool\crowding-crenation\data\raw\new\KTR-72502948\dpc\dpc-304-KTR-72502948.png,monolayer,slight rouleaux,1,1,0.2776920918367347,166.0,0.5729252880204023,0.11859527014018546,3.9673900030291,73.73058478698132,0.16289030612244898,0.22204013040085882,0.2760208419559454
tanzania-073026/dpc-305-KTR-72502948.png,tanzania-073026,dpc-305-KTR-72502948.png,C:\Users\owlem\Projects\fov-filtering-tool\crowding-crenation\data\raw\new\KTR-72502948\dpc\dpc-305-KTR-72502948.png,monolayer,slight rouleaux,1,1,0.2624394132653061,166.0,0.5724148904664054,0.11221518526697823,3.924073480845508,69.27198618062069,0.15524094387755102,0.18187026249471924,0.2335405568804816
tanzania-073026/dpc-306-KTR-72502948.png,tanzania-073026,dpc-306-KTR-72502948.png,C:\Users\owlem\Projects\fov-filtering-tool\crowding-crenation\data\raw\new\KTR-72502948\dpc\dpc-306-KTR-72502948.png,monolayer,slight rouleaux,1,1,0.28218227040816324,166.0,0.5756002525048901,0.1197580843088213,3.9943349392914236,72.0864574024223,0.16505433673469389,0.19546000352171064,0.40567063312826174
tanzania-073026/dpc-307-KTR-72502948.png,tanzania-073026,dpc-307-KTR-72502948.png,C:\Users\owlem\Projects\fov-filtering-tool\crowding-crenation\data\raw\new\KTR-72502948\dpc\dpc-307-KTR-72502948.png,monolayer,no rouleaux,1,0,0.21015727040816326,168.0,0.5623995095052053,0.09196492461165943,3.887009104680365,64.92008308971162,0.14089948979591838,0.1703359432380361,0.28925912029291323
tanzania-073026/dpc-308-KTR-72502948.png,tanzania-073026,dpc-308-KTR-72502948.png,C:\Users\owlem\Projects\fov-filtering-tool\crowding-crenation\data\raw\new\KTR-72502948\dpc\dpc-308-KTR-72502948.png,monolayer,no rouleaux,1,0,0.20873329081632652,168.0,0.5581963424291282,0.09221913133945753,3.8920099425774746,63.14411710087232,0.1391516581632653,0.15440701256220427,0.2975009348890696
tanzania-073026/dpc-309-KTR-72502948.png,tanzania-073026,dpc-309-KTR-72502948.png,C:\Users\owlem\Projects\fov-filtering-tool\crowding-crenation\data\raw\new\KTR-72502948\dpc\dpc-309-KTR-72502948.png,monolayer,no rouleaux,1,0,0.19047755102040817,169.0,0.5549712322112372,0.08476798982203344,3.9008865256035876,60.5490845732009,0.13488864795918368,0.18546172901122118,0.21698143994839558
tanzania-073026/dpc-310-KTR-72502948.png,tanzania-073026,dpc-310-KTR-72502948.png,C:\Users\owlem\Projects\fov-filtering-tool\crowding-crenation\data\raw\new\KTR-72502948\dpc\dpc-310-KTR-72502948.png,monolayer,no rouleaux,1,0,0.17927002551020407,169.0,0.5621325583961645,0.07849650742640739,3.83369231118931,56.84653781734748,0.12941058673469388,0.16036649478310597,0.200771884917541
tanzania-073026/dpc-311-KTR-72502948.png,tanzania-073026,dpc-311-KTR-72502948.png,C:\Users\owlem\Projects\fov-filtering-tool\crowding-crenation\data\raw\new\KTR-72502948\dpc\dpc-311-KTR-72502948.png,monolayer,no rouleaux,1,0,0.17703061224489797,169.0,0.5660695571360974,0.0768189719718964,3.8318904402888796,55.58437586467246,0.12998864795918366,0.1562157271238532,0.3175465580095184
tanzania-073026/dpc-312-KTR-72502948.png,tanzania-073026,dpc-312-KTR-72502948.png,C:\Users\owlem\Projects\fov-filtering-tool\crowding-crenation\data\raw\new\KTR-72502948\dpc\dpc-312-KTR-72502948.png,monolayer,no rouleaux,1,0,0.18308469387755102,169.0,0.58043168436452,0.07681653662884157,3.8536538138543275,58.05488258290669,0.13823265306122448,0.12120520809884354,0.18468937142629305
tanzania-073026/dpc-313-KTR-72502948.png,tanzania-073026,dpc-313-KTR-72502948.png,C:\Users\owlem\Projects\fov-filtering-tool\crowding-crenation\data\raw\new\KTR-72502948\dpc\dpc-313-KTR-72502948.png,monolayer,no rouleaux,1,0,0.2046419642857143,168.0,0.5715723489647888,0.08767427606216016,3.887807989615454,58.860684650870255,0.13714387755102042,0.17156425701911007,0.36934847208218946
tanzania-073026/dpc-314-KTR-72502948.png,tanzania-073026,dpc-314-KTR-72502948.png,C:\Users\owlem\Projects\fov-filtering-tool\crowding-crenation\data\raw\new\KTR-72502948\dpc\dpc-314-KTR-72502948.png,monolayer,no rouleaux,1,0,0.18631607142857143,169.0,0.5853113365704132,0.0772631626361657,3.869074713263084,59.726621985807064,0.14206454081632652,0.12595104272167956,0.2466691130384955
tanzania-073026/dpc-315-KTR-72502948.png,tanzania-073026,dpc-315-KTR-72502948.png,C:\Users\owlem\Projects\fov-filtering-tool\crowding-crenation\data\raw\new\KTR-72502948\dpc\dpc-315-KTR-72502948.png,monolayer,no rouleaux,1,0,0.18422117346938777,169.0,0.584200860921003,0.076599005328694,3.857372237577046,58.93690897261446,0.14183558673469387,0.12548729240753917,0.26220520194945557
tanzania-073026/dpc-316-KTR-72502948.png,tanzania-073026,dpc-316-KTR-72502948.png,C:\Users\owlem\Projects\fov-filtering-tool\crowding-crenation\data\raw\new\KTR-72502948\dpc\dpc-316-KTR-72502948.png,monolayer,no rouleaux,1,0,0.17175331632653063,169.0,0.5795759002769065,0.07220923339103733,3.793970997215985,53.50739015094829,0.1287591836734694,0.13326261266304534,0.28822069512998794
tanzania-073026/dpc-317-KTR-72502948.png,tanzania-073026,dpc-317-KTR-72502948.png,C:\Users\owlem\Projects\fov-filtering-tool\crowding-crenation\data\raw\new\KTR-72502948\dpc\dpc-317-KTR-72502948.png,monolayer,no rouleaux,1,0,0.1977063775510204,168.0,0.5726924414719201,0.08448142949675731,3.8593526297240435,58.13199630674856,0.13653520408163267,0.1606512420314885,0.27902001940667925
tanzania-073026/dpc-318-KTR-72502948.png,tanzania-073026,dpc-318-KTR-72502948.png,C:\Users\owlem\Projects\fov-filtering-tool\crowding-crenation\data\raw\new\KTR-72502948\dpc\dpc-318-KTR-72502948.png,monolayer,no rouleaux,1,0,0.23496160714285713,167.0,0.5668142891695197,0.10178201080805062,3.9279053297341107,63.84745972655625,0.14633635204081633,0.17725867742308124,0.32307989888270155
tanzania-073026/dpc-319-KTR-72502948.png,tanzania-073026,dpc-319-KTR-72502948.png,C:\Users\owlem\Projects\fov-filtering-tool\crowding-crenation\data\raw\new\KTR-72502948\dpc\dpc-319-KTR-72502948.png,monolayer,no rouleaux,1,0,0.20953520408163265,168.0,0.5740738682350304,0.08924651894307327,3.9000333601091475,63.3742443244972,0.14603239795918369,0.148255518593544,0.30032403233961424
tanzania-073026/dpc-320-KTR-72502948.png,tanzania-073026,dpc-320-KTR-72502948.png,C:\Users\owlem\Projects\fov-filtering-tool\crowding-crenation\data\raw\new\KTR-72502948\dpc\dpc-320-KTR-72502948.png,monolayer,no rouleaux,1,0,0.23666122448979593,167.0,0.5606668219701326,0.10397312787154192,3.9368254136073073,60.413797402417785,0.13882704081632652,0.20098695388312407,0.21591904916401627
tanzania-073026/dpc-321-KTR-72502948.png,tanzania-073026,dpc-321-KTR-72502948.png,C:\Users\owlem\Projects\fov-filtering-tool\crowding-crenation\data\raw\new\KTR-72502948\dpc\dpc-321-KTR-72502948.png,monolayer,no rouleaux,1,0,0.24046479591836734,167.0,0.5731249401227521,0.10264842415602327,3.9323347661574974,65.7341529232394,0.15037755102040817,0.17301921865668196,0.4172417880071164
tanzania-073026/dpc-322-KTR-72502948.png,tanzania-073026,dpc-322-KTR-72502948.png,C:\Users\owlem\Projects\fov-filtering-tool\crowding-crenation\data\raw\new\KTR-72502948\dpc\dpc-322-KTR-72502948.png,monolayer,slight rouleaux,1,1,0.2747357142857143,166.0,0.5710507997361308,0.11784766492678,3.9699533923755475,68.49176156435117,0.15304336734693877,0.22605816347299568,0.34154564685783184
tanzania-073026/dpc-323-KTR-72502948.png,tanzania-073026,dpc-323-KTR-72502948.png,C:\Users\owlem\Projects\fov-filtering-tool\crowding-crenation\data\raw\new\KTR-72502948\dpc\dpc-323-KTR-72502948.png,monolayer,slight rouleaux,1,1,0.28310420918367346,166.0,0.5753114093319946,0.12023112761039446,3.998949373580226,70.74663003741874,0.15770676020408164,0.19721587044597658,0.2433044859500475
tanzania-073026/dpc-324-KTR-72502948.png,tanzania-073026,dpc-324-KTR-72502948.png,C:\Users\owlem\Projects\fov-filtering-tool\crowding-crenation\data\raw\new\KTR-72502948\dpc\dpc-324-KTR-72502948.png,monolayer,no rouleaux,1,0,0.27051301020408164,166.0,0.5822894114313993,0.11299614870781081,3.9475077627434576,68.87101645667524,0.15911186224489796,0.1676099724974573,0.26037582597643577
